Name,Team,G,PA,AB,H,2B,3B,HR,R,RBI,BB,SO,HBP,SB,CS,-1,AVG,OBP,SLG,OPS,wOBA,-1,BsR,Fld,-1,Off,Def,WAR,-1,ADP,playerid
Mike Trout,LAA,149,644,510,140,27,3,41,110,111,117,152,13,13,1,,0.274,0.418,0.581,0.999,0.414,,1.3,0.6,,52.8,1.5,7.6,,12.7,10155
Juan Soto,WSN,156,672,521,163,29,3,35,120,119,143,104,3,13,6,,0.314,0.461,0.581,1.042,0.435,,-0.7,0.5,,60.8,-7.3,7.6,,3.6,20123
José Ramírez,CLE,154,665,574,158,38,4,36,107,114,78,93,7,28,6,,0.275,0.365,0.544,0.909,0.379,,2.7,3.3,,37.2,5.2,6.5,,3.1,13510
Aaron Judge,NYY,151,651,562,155,25,0,41,96,108,80,173,5,6,2,,0.276,0.369,0.538,0.907,0.383,,-0.4,10.5,,36.2,3.7,6.2,,35.9,15640
Mookie Betts,LAD,156,672,576,164,35,3,30,120,84,82,101,8,19,6,,0.285,0.378,0.515,0.892,0.378,,0.8,11.2,,34.6,4.5,6.1,,14.9,13611
Trea Turner,LAD,154,665,612,184,33,4,29,105,87,45,118,5,33,6,,0.301,0.352,0.512,0.864,0.367,,3.5,-1.3,,30.6,5.8,5.8,,1.2,16252
Vladimir Guerrero Jr.,TOR,154,665,579,175,31,2,43,117,112,79,99,5,3,1,,0.303,0.39,0.585,0.975,0.408,,-0.4,-0.4,,47.2,-12.5,5.7,,4.6,19611
Alex Bregman,HOU,146,630,530,145,36,1,26,94,96,86,85,8,3,1,,0.274,0.38,0.495,0.875,0.373,,-0.4,1.6,,31,3.9,5.6,,88.3,17678
Ronald Acuña Jr.,ATL,134,581,491,136,25,2,37,110,89,76,150,11,21,8,,0.277,0.383,0.562,0.945,0.398,,0.2,3.5,,35,0.8,5.5,,13.8,18401
Kyle Tucker,HOU,147,637,573,164,38,4,31,100,111,57,118,3,23,3,,0.287,0.352,0.532,0.884,0.372,,2.8,5.7,,34,-1,5.5,,12.2,18345
Carlos Correa,MIN,147,637,559,154,34,1,26,92,95,68,121,4,1,0,,0.275,0.354,0.479,0.833,0.355,,-0.3,5.5,,19.9,12.1,5.4,,98.5,14162
Julio Rodríguez,SEA,134,581,532,150,27,1,23,79,72,41,136,7,21,6,,0.282,0.341,0.465,0.806,0.346,,1.4,16.5,,18.8,14.6,5.3,,210.4,sa3005720
Byron Buxton,MIN,131,567,527,142,38,3,33,88,87,27,142,7,20,3,,0.269,0.311,0.544,0.855,0.358,,2.3,10.1,,21.6,12.1,5.3,,41.5,14161
Bryce Harper,PHI,156,672,545,148,36,1,37,105,107,115,158,6,14,3,,0.272,0.4,0.544,0.944,0.394,,0.9,-2,,40.3,-9.5,5.3,,8.1,11579
Marcus Semien,TEX,154,665,595,160,33,3,31,100,82,65,124,2,13,4,,0.269,0.342,0.491,0.833,0.355,,0.4,5.8,,22.2,8,5.3,,40,12533
Francisco Lindor,NYM,152,658,582,153,30,2,28,98,83,62,115,6,18,7,,0.263,0.337,0.467,0.804,0.341,,0.2,7.8,,16,14.9,5.3,,52.7,12916
Wander Franco,TBR,149,644,585,166,32,10,19,102,85,49,88,4,10,7,,0.283,0.34,0.47,0.81,0.346,,-1.6,5.1,,18.4,12,5.2,,59.2,23667
Corey Seager,TEX,139,602,538,157,35,2,27,95,95,55,100,4,5,0,,0.291,0.358,0.513,0.871,0.369,,0.5,-0.7,,27.5,4,5.2,,79.2,13624
Bo Bichette,TOR,152,658,607,176,33,3,29,108,99,43,124,5,25,4,,0.291,0.341,0.497,0.838,0.357,,2.7,-0.3,,21.9,6.8,5.1,,4.5,19612
Matt Olson,ATL,154,665,564,154,32,0,43,100,133,86,139,10,3,1,,0.273,0.375,0.558,0.933,0.389,,-0.4,5.6,,34.9,-6.3,5.1,,35.5,14344
Trevor Story,BOS,152,658,587,156,40,6,27,95,83,58,164,9,24,8,,0.265,0.338,0.494,0.832,0.353,,1.1,8.3,,17.2,10.8,5,,33.4,12564
Yasmani Grandal,CHW,133,532,427,100,17,1,26,69,80,93,132,5,1,1,,0.235,0.373,0.464,0.837,0.363,,-0.8,3.6,,20.1,10.5,4.9,,102.2,11368
Matt Chapman,TOR,151,651,566,135,29,4,34,93,96,72,186,7,2,2,,0.239,0.33,0.485,0.815,0.347,,-1,11.2,,12.6,13.6,4.8,,169.4,16505
Freddie Freeman,LAD,156,672,584,171,32,2,34,106,104,78,121,6,6,3,,0.293,0.381,0.53,0.911,0.382,,-0.7,2.7,,35.2,-9.4,4.8,,18,5361
Brandon Lowe,TBR,143,616,541,133,29,2,36,90,103,63,179,9,8,1,,0.246,0.333,0.507,0.84,0.355,,0.6,0.5,,24.4,2.5,4.8,,77.8,18882
Xander Bogaerts,BOS,154,665,588,169,41,1,28,94,95,66,121,4,7,1,,0.287,0.36,0.502,0.862,0.366,,0.5,-6,,24.2,0.9,4.8,,45.9,12161
Luis Robert,CHW,149,644,591,165,31,5,28,88,88,37,162,10,21,6,,0.279,0.33,0.492,0.822,0.349,,0.9,4.2,,18.7,6.5,4.7,,15.7,20043
Joey Gallo,NYY,147,637,518,106,18,1,45,99,109,111,239,7,7,1,,0.205,0.352,0.507,0.859,0.364,,0.4,6.1,,26.2,-0.8,4.7,,182,14128
Yordan Alvarez,HOU,141,609,540,157,36,1,39,96,123,61,148,6,2,1,,0.29,0.366,0.575,0.942,0.394,,-0.5,-0.1,,40.2,-14.6,4.6,,24.9,19556
Fernando Tatis Jr.,SDP,83,357,311,92,18,1,28,68,72,41,88,3,20,3,,0.297,0.38,0.637,1.017,0.419,,2.4,-0.4,,32.9,0.4,4.5,,65.9,19709
Will Smith,LAD,125,501,424,109,22,2,28,72,90,58,112,11,3,0,,0.256,0.355,0.515,0.87,0.367,,0.2,1.8,,20.6,7.5,4.5,,53.9,19197
Manny Machado,SDP,156,672,598,165,30,2,29,87,108,64,108,3,12,3,,0.275,0.345,0.481,0.825,0.347,,0.4,2.1,,18,4.1,4.4,,22.6,11493
George Springer,TOR,147,637,559,149,28,3,35,106,94,68,136,7,7,3,,0.267,0.352,0.513,0.865,0.367,,-0.3,-0.1,,23.7,-1,4.4,,57.2,12856
Rafael Devers,BOS,154,665,601,170,41,2,37,106,115,56,140,5,6,5,,0.283,0.348,0.54,0.889,0.372,,-1.4,-6.4,,25.8,-4.4,4.4,,13.5,17350
Nolan Arenado,STL,156,672,606,160,31,2,31,84,104,55,102,3,2,1,,0.263,0.324,0.477,0.801,0.335,,-0.5,8,,10.6,10,4.3,,70.2,9777
Jonathan India,CIN,149,644,542,142,35,2,21,101,74,73,146,23,12,3,,0.262,0.371,0.451,0.823,0.358,,0.5,2.8,,15.8,5.1,4.2,,92.4,21523
Ozzie Albies,ATL,154,665,611,170,39,7,25,103,89,46,117,4,19,4,,0.278,0.33,0.488,0.818,0.346,,1.6,3.8,,13.4,6.2,4.2,,17.6,16556
Cedric Mullins,BAL,152,658,593,157,30,6,24,83,62,50,123,6,27,7,,0.265,0.326,0.457,0.783,0.334,,1.9,6.7,,10,9.1,4.1,,33.8,17929
Tyler O'Neill,STL,144,623,559,148,28,2,39,101,100,46,196,13,17,4,,0.266,0.334,0.535,0.869,0.366,,1,-0.1,,27.3,-6.9,4.1,,47.1,15711
Shohei Ohtani,LAA,146,630,539,141,27,6,41,97,109,85,184,3,23,9,,0.261,0.363,0.563,0.926,0.383,,0.4,0,,34.9,-15.6,4.1,,8.4,19755
Pete Alonso,NYM,151,651,566,147,26,2,41,87,111,66,152,15,2,0,,0.259,0.349,0.532,0.882,0.37,,-0.1,-0.3,,31.2,-12.4,4,,45.9,19251
Enrique Hernández,BOS,146,630,557,147,33,3,26,87,78,58,122,8,2,0,,0.264,0.339,0.474,0.813,0.346,,0,4.1,,12.2,6.2,4,,226.4,10472
Anthony Rendon,LAA,136,588,506,138,32,1,22,79,89,68,88,8,3,0,,0.273,0.363,0.47,0.833,0.355,,0,-0.7,,18.7,0.4,3.9,,109.8,12861
Max Muncy,LAD,139,602,503,124,23,2,36,95,111,88,144,9,3,1,,0.247,0.367,0.516,0.883,0.374,,-0.3,0.4,,28.1,-9.7,3.8,,121,13301
Ketel Marte,ARI,146,630,574,167,38,7,20,80,72,48,97,5,6,1,,0.29,0.348,0.485,0.833,0.354,,0.2,0.8,,15.7,1.7,3.8,,78.4,13613
Yoán Moncada,CHW,149,644,565,147,31,4,22,83,74,69,175,6,6,2,,0.26,0.346,0.445,0.791,0.342,,-0.2,0.7,,13.9,2.4,3.8,,158.5,17232
Jorge Polanco,MIN,147,637,580,162,34,4,27,93,90,46,111,4,11,6,,0.28,0.334,0.491,0.825,0.35,,-0.8,-3.1,,16.9,-0.5,3.8,,79.8,13152
Brandon Nimmo,NYM,134,581,481,124,25,6,15,75,48,83,128,14,7,6,,0.257,0.381,0.43,0.811,0.356,,-1.5,-2,,19.7,-0.9,3.8,,339.5,12927
Bryan Reynolds,PIT,154,665,583,163,33,7,23,93,86,71,138,6,5,3,,0.28,0.362,0.48,0.842,0.359,,-0.9,-3.8,,20.3,-4.3,3.8,,93.1,19326
Jake Cronenworth,SDP,143,616,551,152,32,6,18,87,66,52,91,8,7,4,,0.276,0.345,0.452,0.797,0.342,,-0.8,2.8,,12.4,5.1,3.8,,128.4,18036
Jose Altuve,HOU,147,637,572,157,29,2,26,104,77,55,94,4,7,4,,0.274,0.34,0.466,0.806,0.345,,-0.8,-2.8,,16,-0.5,3.7,,74.7,5417
Tim Anderson,CHW,152,658,627,186,33,2,23,103,69,25,137,3,22,8,,0.296,0.325,0.464,0.789,0.337,,0.4,-4.6,,12.2,2.4,3.7,,29.9,15172
Trent Grisham,SDP,139,602,521,128,27,5,19,76,71,70,139,5,15,4,,0.246,0.339,0.428,0.767,0.332,,0.7,6.3,,8.5,8.4,3.7,,146.8,18564
Harrison Bader,STL,138,595,529,130,28,3,22,77,69,49,150,13,13,4,,0.245,0.322,0.431,0.753,0.321,,0.5,11.5,,3.5,13.7,3.7,,242.7,18030
J.T. Realmuto,PHI,143,570,511,135,27,3,21,77,83,45,133,9,11,2,,0.263,0.332,0.453,0.785,0.335,,0.8,3.1,,6.3,10.7,3.6,,50.3,11739
Austin Riley,ATL,154,665,598,162,32,2,33,86,101,54,181,8,0,1,,0.271,0.337,0.495,0.832,0.352,,-1,-2.9,,14,-0.5,3.6,,52.3,18360
Javier Báez,DET,143,616,576,151,29,3,28,85,86,28,177,9,18,6,,0.261,0.304,0.468,0.772,0.326,,0.5,2.3,,5.4,8.9,3.5,,63.3,12979
Josh Donaldson,NYY,131,567,478,116,22,0,27,75,80,79,129,6,1,1,,0.242,0.352,0.458,0.81,0.349,,-0.8,1.1,,15,0.5,3.5,,181.2,5038
Bobby Witt Jr.,KCR,141,609,551,148,29,3,22,72,68,41,134,6,25,7,,0.268,0.323,0.454,0.777,0.332,,1.3,4.4,,7.6,6.3,3.5,,76.8,sa3011225
Christian Yelich,MIL,146,630,535,143,27,4,27,97,85,86,152,6,18,4,,0.268,0.374,0.481,0.855,0.365,,1.5,-1.5,,23.1,-9.9,3.4,,99.1,11477
Jeimer Candelario,DET,146,630,560,142,34,4,19,75,67,63,142,6,1,1,,0.253,0.334,0.43,0.765,0.331,,-0.7,3.4,,6.8,5.7,3.4,,245.4,13621
Salvador Perez,KCR,147,594,557,145,25,0,35,69,97,22,147,11,1,0,,0.26,0.3,0.494,0.794,0.334,,-0.2,0.3,,6.9,6.1,3.3,,32.4,7304
Max Kepler,MIN,131,567,497,119,28,3,25,80,73,60,102,7,9,2,,0.24,0.328,0.462,0.789,0.337,,0.4,8.6,,10,3.1,3.2,,303.7,12144
Cody Bellinger,LAD,120,518,454,111,22,3,26,76,86,59,123,2,11,2,,0.245,0.333,0.477,0.811,0.341,,1,2.2,,11.1,3.9,3.2,,115.2,15998
Paul Goldschmidt,STL,156,672,594,159,30,2,27,89,89,72,151,3,8,1,,0.268,0.349,0.462,0.811,0.348,,0.5,3.2,,18.4,-8.8,3.2,,47.4,9218
Willy Adames,MIL,143,616,553,141,28,2,25,80,73,59,177,1,6,4,,0.256,0.328,0.452,0.78,0.335,,-1,-0.1,,4.7,6.5,3.2,,125,15986
Ke'Bryan Hayes,PIT,139,602,543,138,33,4,13,72,59,50,130,4,12,1,,0.254,0.319,0.4,0.719,0.312,,1.3,11.8,,-2.6,14,3.1,,153.4,18577
Sean Murphy,OAK,120,480,420,96,24,1,19,58,63,43,128,11,1,0,,0.228,0.314,0.423,0.737,0.319,,-0.1,5.1,,3.2,11.3,3.1,,244.5,19352
Ty France,SEA,143,616,546,154,30,2,20,81,80,41,111,24,1,1,,0.282,0.356,0.455,0.811,0.351,,-0.8,0.4,,20.1,-10.4,3.1,,160.8,17982
Mitch Garver,TEX,118,478,416,104,21,2,25,66,66,52,131,6,2,2,,0.25,0.34,0.489,0.829,0.354,,-0.7,-4.1,,14.6,-0.2,3.1,,154.9,15161
Adley Rutschman,BAL,104,412,359,95,17,1,16,57,51,43,73,4,1,1,,0.264,0.347,0.449,0.797,0.344,,-0.7,1.9,,7.7,8.7,3,,223.3,sa3011643
Tommy Edman,STL,134,581,537,148,28,5,11,77,52,32,88,6,25,4,,0.276,0.322,0.41,0.732,0.316,,2.7,6.7,,3,7.9,3,,95.2,19470
Kyle Schwarber,PHI,139,602,514,128,23,1,39,88,96,80,165,5,2,2,,0.25,0.354,0.526,0.88,0.37,,-1,-0.7,,22.3,-12.1,3,,107.6,16478
Anthony Rizzo,NYY,136,588,500,130,22,2,24,74,80,60,93,23,6,2,,0.26,0.362,0.461,0.823,0.354,,-0.2,1.6,,18.7,-8.9,3,,186.8,3473
Eduardo Escobar,NYM,138,595,543,134,26,5,28,73,86,46,131,2,1,1,,0.247,0.306,0.465,0.771,0.326,,-0.6,1.3,,6.4,3.4,3,,203.9,6153
Brandon Crawford,SFG,134,581,519,133,26,2,18,69,74,51,117,6,8,3,,0.256,0.327,0.421,0.747,0.319,,-0.3,3.2,,1,9.2,2.9,,225.1,5343
Adalberto Mondesi,KCR,130,560,523,130,27,9,18,72,66,27,161,1,53,9,,0.248,0.285,0.434,0.718,0.305,,6.5,5.6,,0,10.3,2.9,,57.3,13769
J.P. Crawford,SEA,154,665,596,155,32,3,11,81,58,57,122,6,5,5,,0.26,0.329,0.379,0.708,0.31,,-1.7,0.7,,-1.3,7.8,2.9,,493.3,15491
Jacob Stallings,MIA,109,429,383,95,18,1,8,39,46,39,92,3,0,0,,0.247,0.32,0.363,0.683,0.3,,-0.4,12.1,,-5.6,20.5,2.9,,467.4,13723
Kolten Wong,MIL,134,581,514,136,28,3,14,70,55,43,97,16,15,6,,0.265,0.337,0.413,0.75,0.325,,0.1,6.8,,1,8.8,2.9,,196.6,12532
Oneil Cruz,PIT,113,490,453,122,22,7,23,56,67,33,115,1,20,4,,0.269,0.319,0.5,0.819,0.347,,2,-0.5,,12.8,-0.3,2.9,,218.6,21711
Jeff McNeil,NYM,133,574,520,146,29,2,14,70,59,39,75,14,6,2,,0.282,0.346,0.426,0.772,0.335,,-0.3,-0.4,,10.6,-1.3,2.8,,324.4,15362
Dylan Carlson,STL,146,630,553,148,33,6,20,81,75,58,144,10,4,2,,0.267,0.342,0.456,0.798,0.341,,-0.6,-0.2,,13,-5.6,2.8,,166.8,20126
Ramón Laureano,OAK,120,518,461,119,28,2,22,71,66,38,136,13,15,5,,0.259,0.329,0.472,0.801,0.342,,0.7,0.4,,14,-3.7,2.8,,259.5,17128
Dansby Swanson,ATL,154,665,601,150,32,3,26,85,85,52,168,5,11,3,,0.25,0.313,0.442,0.755,0.321,,0.3,0.9,,-2.2,8,2.8,,122.7,18314
Jared Walsh,LAA,144,623,562,150,32,2,33,81,112,51,162,5,2,1,,0.266,0.33,0.51,0.839,0.353,,-0.5,-0.4,,17.8,-11.5,2.8,,120.3,18607
Spencer Torkelson,DET,131,567,484,121,26,1,29,75,81,58,123,8,4,2,,0.249,0.334,0.489,0.823,0.349,,-0.5,4,,14.6,-6.5,2.7,,236.3,sa3014504
Willson Contreras,CHC,141,573,493,118,22,1,25,72,77,59,153,17,5,4,,0.24,0.339,0.442,0.781,0.338,,-1.1,-0.4,,6,2.4,2.7,,110.2,11609
Jesse Winker,SEA,128,553,481,129,26,1,20,73,65,63,95,10,1,1,,0.268,0.363,0.455,0.818,0.355,,-0.8,-2.9,,20,-11.7,2.7,,121.3,13590
Paul DeJong,STL,128,553,489,110,23,1,22,69,70,47,142,11,5,2,,0.224,0.303,0.409,0.712,0.308,,-0.2,6.8,,-3.8,12.2,2.7,,491.1,18015
Josh Bell,WSN,147,637,555,151,30,2,31,87,112,73,119,3,0,1,,0.273,0.357,0.505,0.862,0.364,,-1,-3.2,,20.2,-14.6,2.7,,131.9,13145
Franmil Reyes,CLE,147,637,571,148,24,1,41,80,114,57,199,2,4,1,,0.26,0.326,0.523,0.85,0.356,,-0.3,0,,20.7,-15.9,2.7,,121,14566
Nicky Lopez,KCR,136,588,526,143,23,5,4,70,41,46,77,4,16,4,,0.272,0.334,0.359,0.693,0.306,,1,8.5,,-5.3,11.7,2.6,,257.5,19339
Whit Merrifield,KCR,149,644,597,169,35,5,10,85,60,36,95,5,30,7,,0.284,0.327,0.41,0.737,0.317,,2.7,6.2,,1.5,3,2.6,,33,11281
Luis Urías,MIL,130,560,485,122,24,3,19,73,72,60,120,11,6,2,,0.252,0.346,0.431,0.778,0.337,,-0.2,-1,,6.3,1.4,2.6,,214.9,16622
Rhys Hoskins,PHI,143,616,521,125,33,2,32,84,96,82,151,9,3,2,,0.24,0.351,0.497,0.848,0.362,,-0.8,-1.8,,18.6,-12.9,2.6,,119.1,16472
Miguel Sanó,MIN,151,651,570,132,30,1,42,95,108,74,224,4,1,1,,0.231,0.323,0.508,0.831,0.351,,-0.8,-2.3,,17.8,-13.9,2.6,,278,12164
Miguel Rojas,MIA,130,560,513,137,27,2,9,60,50,36,72,6,12,4,,0.267,0.321,0.377,0.698,0.305,,0.1,6.1,,-4.7,12.1,2.6,,510.5,7802
Myles Straw,CLE,130,560,501,136,22,3,4,73,36,54,109,2,29,6,,0.271,0.342,0.349,0.691,0.308,,2.9,5.7,,-1.3,7.7,2.5,,128.9,17620
Austin Meadows,DET,120,518,461,119,27,4,25,70,89,47,112,5,7,4,,0.259,0.332,0.498,0.83,0.35,,-0.5,1,,13.8,-6.1,2.5,,157.1,15672
Kris Bryant,COL,149,644,563,159,36,2,29,96,88,63,136,14,9,2,,0.283,0.368,0.512,0.879,0.374,,0.3,-6.6,,17.6,-13.6,2.5,,66,15429
Tony Kemp,OAK,123,532,452,119,21,4,10,67,48,62,70,8,11,4,,0.263,0.358,0.393,0.751,0.33,,0,-2.6,,8.6,-1.7,2.5,,452.4,14894
Mike Yastrzemski,SFG,133,574,510,124,29,4,24,76,73,52,147,8,4,2,,0.242,0.32,0.459,0.779,0.331,,-0.5,2,,6.4,-0.5,2.5,,298.1,14854
Gleyber Torres,NYY,146,630,559,146,26,0,22,74,78,60,131,3,11,4,,0.26,0.332,0.426,0.758,0.327,,-0.2,-5.3,,5.9,-2.4,2.5,,161.6,16997
Eloy Jiménez,CHW,139,602,560,154,28,1,33,72,103,35,147,3,0,0,,0.276,0.319,0.51,0.829,0.35,,-0.4,-4.5,,17,-12.8,2.5,,65.7,17484
Tyler Stephenson,CIN,113,450,393,105,21,0,11,59,48,45,91,6,0,0,,0.266,0.347,0.402,0.749,0.327,,-0.4,2.9,,-1.2,10.9,2.5,,136.2,17988
Justin Turner,LAD,134,581,511,135,21,0,21,77,80,52,95,13,3,0,,0.264,0.343,0.427,0.77,0.335,,0.1,-2.4,,8.7,-3.3,2.5,,148.4,5235
Andrés Giménez,CLE,107,462,421,106,21,3,14,56,45,21,111,14,19,5,,0.252,0.306,0.419,0.725,0.312,,1.5,5.8,,-0.5,9.2,2.4,,289.7,19950
Seiya Suzuki,CHC,130,560,508,146,27,2,23,78,83,46,99,4,12,8,,0.287,0.35,0.484,0.834,0.353,,-1.4,-0.2,,12.5,-6.7,2.4,,999,sa3018052
Alex Verdugo,BOS,133,574,519,152,33,2,13,77,58,46,90,3,7,2,,0.292,0.35,0.44,0.79,0.339,,0.1,3.3,,7.5,-2.7,2.4,,173.2,17027
Mitch Haniger,SEA,139,602,538,134,25,2,30,90,90,49,150,9,3,0,,0.249,0.319,0.472,0.79,0.335,,0.1,0.3,,13,-9.2,2.4,,108.1,14274
Nathaniel Lowe,TEX,141,609,530,140,25,2,22,77,76,74,147,3,6,0,,0.265,0.356,0.443,0.798,0.345,,0.6,-1.5,,15.8,-12.4,2.4,,248.8,19566
Brian Anderson,MIA,125,539,475,120,24,1,18,58,64,49,126,13,6,1,,0.253,0.337,0.42,0.757,0.329,,0.3,0.5,,6.3,0,2.4,,524.9,18289
Adam Duvall,ATL,128,553,505,116,19,3,36,69,119,38,163,6,3,0,,0.229,0.289,0.491,0.781,0.327,,0.3,7.6,,1.4,4.3,2.4,,217.8,10950
Max Stassi,LAA,102,403,358,80,14,1,15,48,44,34,125,8,0,0,,0.223,0.304,0.396,0.7,0.305,,-0.3,6.8,,-4.4,14.7,2.4,,302,10059
Giancarlo Stanton,NYY,138,595,523,134,22,0,34,70,102,63,170,4,1,0,,0.255,0.338,0.491,0.829,0.352,,-0.3,-0.1,,17.8,-14.1,2.4,,95.1,4949
Gio Urshela,MIN,118,511,479,134,31,1,16,60,65,26,104,3,1,0,,0.281,0.32,0.452,0.772,0.33,,-0.2,-1.4,,5.6,0.4,2.3,,337.9,10681
Brandon Belt,SFG,122,525,452,111,23,2,24,71,66,65,132,6,4,2,,0.247,0.347,0.467,0.814,0.348,,-0.7,2.4,,12.9,-7.1,2.3,,242.7,10264
Adam Frazier,SEA,128,553,503,136,24,4,8,67,40,39,69,8,6,5,,0.27,0.332,0.381,0.713,0.312,,-1.5,2.9,,-0.4,4.8,2.3,,414,15223
Michael Brantley,HOU,125,539,494,147,31,2,11,68,57,37,61,4,3,1,,0.298,0.35,0.437,0.787,0.34,,-0.3,0.8,,11.7,-6.9,2.3,,253.8,4106
Starling Marte,NYM,134,581,528,144,28,3,15,83,60,34,108,15,33,7,,0.273,0.333,0.422,0.754,0.326,,3,-1.8,,9.7,-5.9,2.3,,31.7,9241
Jesús Sánchez,MIA,128,553,502,123,18,4,23,61,70,41,149,6,2,2,,0.245,0.307,0.432,0.739,0.315,,-0.9,7.3,,-1,5.7,2.3,,236.3,19913
Danny Jansen,TOR,100,398,348,79,19,1,18,53,54,38,82,8,0,0,,0.228,0.315,0.442,0.757,0.326,,-0.3,1.1,,1.1,8.2,2.3,,397.7,16535
AJ Pollock,CHW,118,511,467,125,26,1,24,64,85,32,106,8,8,1,,0.268,0.321,0.484,0.805,0.339,,0.6,0.5,,10.7,-5.3,2.3,,220.9,9256
Jeremy Peña,HOU,126,546,504,128,16,5,20,49,49,29,145,9,11,5,,0.254,0.304,0.424,0.728,0.313,,-0.5,-1.2,,-0.4,4.7,2.3,,393.1,sa876320
José Abreu,CHW,154,665,595,157,34,2,29,81,118,48,146,15,1,0,,0.264,0.331,0.475,0.806,0.341,,-0.3,-1.7,,14.1,-14,2.3,,79.6,15676
Teoscar Hernández,TOR,151,651,599,161,30,2,36,91,111,45,173,6,11,4,,0.268,0.324,0.505,0.828,0.351,,-0.1,-4.5,,15.4,-14.8,2.3,,27.4,13066
Lorenzo Cain,MIL,123,532,479,127,23,0,11,63,42,46,93,5,17,5,,0.265,0.334,0.384,0.718,0.316,,0.9,7,,-2.5,7.3,2.2,,494.6,9077
Mark Canha,NYM,133,574,479,114,22,3,19,82,65,69,130,22,8,2,,0.237,0.356,0.418,0.774,0.339,,0.1,-3.8,,13.1,-9.9,2.2,,291.6,11445
Marcell Ozuna,ATL,141,609,549,144,24,1,28,76,100,57,131,1,4,0,,0.263,0.333,0.464,0.797,0.342,,0.4,1.6,,8.7,-6.7,2.2,,166.4,10324
Keibert Ruiz,WSN,104,414,379,102,19,1,16,46,57,29,52,4,0,0,,0.269,0.326,0.454,0.781,0.335,,-0.3,-0.9,,3.3,5,2.2,,146.2,19610
Joey Votto,CIN,152,658,562,141,28,1,32,82,101,88,154,4,1,0,,0.25,0.353,0.478,0.832,0.354,,-0.3,-1.2,,13.4,-13.1,2.2,,141.9,4314
Jean Segura,PHI,138,595,548,154,28,3,12,76,59,35,80,7,10,4,,0.282,0.331,0.412,0.743,0.321,,-0.2,1.3,,-1.5,3.5,2.2,,208.7,5933
Mike Zunino,TBR,86,339,306,61,13,1,21,45,52,26,121,6,0,0,,0.198,0.273,0.453,0.726,0.309,,-0.2,3.5,,-0.2,10.1,2.1,,257.9,13265
Randy Arozarena,TBR,144,623,548,141,29,3,22,89,71,53,166,17,22,12,,0.256,0.339,0.441,0.781,0.336,,-1.2,-2,,13,-12.7,2.1,,66.8,19290
David Fletcher,LAA,149,644,600,166,30,4,5,75,44,36,61,2,13,3,,0.277,0.319,0.364,0.683,0.298,,0.7,2.8,,-9.3,8.6,2.1,,444.2,17992
Aaron Hicks,NYY,126,546,459,102,19,2,19,75,68,79,126,4,6,2,,0.223,0.34,0.4,0.74,0.326,,-0.1,-3.9,,4.5,-1.9,2.1,,528.2,5297
Ryan McMahon,COL,139,602,537,134,30,2,26,78,89,59,167,3,5,2,,0.25,0.326,0.457,0.783,0.335,,-0.3,3.7,,-3.6,4.8,2.1,,155.9,15112
Carson Kelly,ARI,109,432,375,90,17,1,16,48,56,48,91,5,0,0,,0.24,0.331,0.419,0.75,0.323,,-0.4,0.9,,-0.8,7.5,2.1,,279.1,13620
DJ LeMahieu,NYY,107,462,417,118,19,1,9,64,46,39,63,2,4,1,,0.282,0.344,0.402,0.747,0.326,,-0.3,3.5,,3.6,1.7,2.1,,128.2,9874
Eugenio Suárez,SEA,134,581,509,111,19,1,28,65,82,59,169,8,1,1,,0.217,0.306,0.425,0.731,0.314,,-0.7,-2.5,,1.6,-0.4,2.1,,209.7,12552
Brad Miller,TEX,105,455,400,93,16,3,21,57,59,51,132,3,3,1,,0.233,0.323,0.447,0.769,0.329,,-0.4,1.5,,5,0.3,2.1,,543,12775
Trey Mancini,BAL,147,637,576,157,34,2,27,83,86,50,138,8,0,0,,0.272,0.337,0.481,0.818,0.348,,-0.5,-1.8,,14.7,-15.8,2.1,,217.2,15149
Andrew Benintendi,KCR,130,560,503,137,31,4,16,70,66,46,107,4,10,6,,0.272,0.334,0.442,0.776,0.333,,-1,1.8,,5.6,-4.2,2,,193.4,17901
Chris Taylor,LAD,149,644,568,142,33,5,22,91,88,63,183,7,12,2,,0.249,0.33,0.439,0.769,0.33,,0.9,-6.1,,7.7,-8.5,2,,141.2,13757
Michael Conforto,,117,504,430,108,22,1,18,62,68,62,115,9,3,2,,0.252,0.356,0.431,0.787,0.341,,-0.7,0,,8.7,-5.4,2,,247.4,16376
Nick Castellanos,PHI,151,651,596,165,39,2,29,94,96,42,136,8,3,2,,0.277,0.33,0.496,0.826,0.348,,-0.7,-3.4,,12.6,-13.9,2,,56.9,11737
Austin Hays,BAL,136,588,546,141,29,3,26,80,82,29,125,8,7,4,,0.259,0.305,0.466,0.771,0.328,,-0.9,2.7,,3.4,-3.2,2,,253.5,19363
Kevin Kiermaier,TBR,117,504,459,107,22,9,9,62,50,37,123,6,13,6,,0.233,0.297,0.374,0.671,0.29,,-0.2,9,,-7.9,10.8,2,,588.3,11038
Andy Ibáñez,TEX,115,497,458,122,25,2,14,61,51,31,75,3,2,3,,0.267,0.317,0.423,0.74,0.319,,-1.3,4.4,,0.1,3,2,,556.9,18819
Adolis García,TEX,134,581,545,129,26,3,28,72,87,26,172,7,13,6,,0.237,0.279,0.45,0.728,0.309,,-0.3,5.2,,-3.2,3.2,2,,168.9,19287
J.D. Martinez,BOS,152,658,587,159,36,2,28,87,96,61,151,4,1,0,,0.271,0.342,0.482,0.824,0.348,,-0.3,-0.3,,13.1,-15.6,2,,88.6,6184
Robbie Grossman,DET,126,546,464,113,22,3,16,68,54,72,121,6,13,4,,0.243,0.349,0.408,0.757,0.331,,0.6,0.2,,7.1,-6,2,,192.3,5254
Avisaíl García,MIA,141,609,554,141,25,1,24,71,79,38,146,12,8,5,,0.255,0.314,0.434,0.748,0.319,,-0.8,1.3,,1.2,-2.1,1.9,,174.2,5760
Ian Happ,CHC,131,567,489,117,22,2,26,72,76,72,171,4,10,3,,0.239,0.341,0.456,0.796,0.344,,0.1,-3.9,,9.6,-9.2,1.9,,225.5,17919
Jonathan Schoop,DET,139,602,562,149,27,2,22,76,73,28,119,8,2,0,,0.265,0.307,0.436,0.742,0.317,,-0.1,-2.5,,0.2,-1.5,1.9,,221.5,11265
C.J. Cron,COL,136,588,518,138,32,1,30,71,96,53,131,14,1,0,,0.266,0.348,0.508,0.856,0.362,,-0.2,0.5,,9.9,-10.3,1.9,,123.5,12546
Patrick Wisdom,CHC,113,490,440,99,17,0,33,67,82,43,178,5,7,2,,0.225,0.3,0.488,0.788,0.334,,0.1,0.5,,4.3,-1.6,1.9,,365.8,13602
Cavan Biggio,TOR,123,532,451,101,21,2,18,67,58,72,147,3,10,2,,0.225,0.334,0.401,0.735,0.321,,0.6,1.7,,0.1,0.7,1.9,,336.1,19252
Jake Meyers,HOU,100,434,393,97,20,2,15,52,54,29,112,7,9,4,,0.246,0.308,0.421,0.728,0.314,,-0.4,3.7,,0,3.9,1.9,,596.7,20308
Nick Madrigal,CHC,113,490,454,134,21,5,4,54,38,24,31,8,13,9,,0.295,0.339,0.386,0.725,0.317,,-1.8,5.1,,-4.5,6.9,1.9,,385.1,20521
Jorge Soler,MIA,146,630,545,124,27,0,34,78,84,73,173,8,1,0,,0.228,0.326,0.465,0.791,0.338,,-0.3,-3.6,,11.8,-14.1,1.9,,193.4,14221
Akil Baddoo,DET,105,455,407,108,20,7,14,62,55,45,114,0,18,4,,0.264,0.335,0.451,0.787,0.337,,1.8,-3.2,,9.4,-6.4,1.8,,152.9,22168
Joey Wendle,MIA,109,469,431,115,26,4,9,61,43,24,92,10,9,5,,0.268,0.32,0.412,0.731,0.314,,-0.7,2.2,,-1.3,4.1,1.8,,442.5,13853
Brendan Rodgers,COL,128,553,514,144,28,4,21,66,66,27,113,9,1,1,,0.281,0.326,0.471,0.798,0.341,,-0.7,-0.2,,-1.2,1.2,1.8,,167.3,17907
Lourdes Gurriel Jr.,TOR,136,588,547,151,32,2,25,72,90,30,119,4,3,4,,0.277,0.316,0.483,0.799,0.338,,-1.6,-0.3,,6.2,-7.9,1.8,,142.2,19238
Riley Greene,DET,83,357,321,86,14,3,14,49,44,29,99,4,7,1,,0.268,0.335,0.465,0.8,0.342,,0.9,-3.6,,8.5,-2.5,1.8,,315.7,sa3010694
Hunter Renfroe,MIL,131,567,510,117,24,0,33,78,87,49,151,2,3,1,,0.229,0.295,0.472,0.768,0.324,,-0.2,4.9,,0.1,-1.2,1.8,,162.2,15464
Yandy Díaz,TBR,130,560,486,128,23,1,13,67,61,67,89,2,1,1,,0.263,0.352,0.393,0.745,0.326,,-0.8,-0.8,,7.3,-8.6,1.8,,500.2,16578
Luis Arraez,MIN,131,567,512,156,26,4,4,71,44,49,51,1,3,3,,0.304,0.363,0.394,0.756,0.33,,-1.2,0,,5.3,-7,1.8,,370.3,18568
Yuli Gurriel,HOU,139,602,540,154,27,1,15,76,77,47,70,4,2,2,,0.286,0.342,0.426,0.768,0.329,,-1,0.6,,7.1,-10.1,1.7,,210.3,19198
Nelson Cruz,WSN,130,560,500,135,19,1,33,77,94,46,129,8,2,0,,0.269,0.336,0.508,0.844,0.351,,0,0,,12.6,-14,1.7,,166.3,2434
Wilmer Flores,SFG,99,427,387,105,21,1,15,51,52,32,54,4,1,0,,0.272,0.333,0.445,0.777,0.335,,-0.2,-1.4,,6.2,-3.3,1.7,,450.9,5827
Daulton Varsho,ARI,125,525,474,119,24,4,19,68,59,43,115,5,12,2,,0.251,0.319,0.433,0.753,0.323,,1,-5,,0.4,-1.1,1.7,,91.7,19918
Ryan Mountcastle,BAL,146,630,583,156,28,2,31,80,100,37,163,4,3,2,,0.268,0.313,0.484,0.797,0.336,,-0.7,-0.9,,8.2,-13.2,1.6,,124,18373
Roberto Pérez,PIT,110,435,379,75,10,1,13,37,45,45,132,3,1,0,,0.197,0.284,0.333,0.618,0.274,,0,10.1,,-16.6,18.6,1.6,,563.4,2900
Tommy Pham,CIN,118,511,441,115,21,2,17,70,54,65,114,4,13,5,,0.261,0.359,0.434,0.794,0.344,,0.2,-1.4,,6.6,-7.4,1.6,,242.2,2967
Omar Narváez,MIL,99,392,347,88,14,0,12,43,43,38,77,4,0,0,,0.253,0.331,0.395,0.726,0.316,,-0.3,-1,,-2.7,5.7,1.6,,254.8,13338
Christian Vázquez,BOS,94,371,342,89,17,1,8,40,38,24,66,2,5,3,,0.259,0.308,0.386,0.694,0.301,,-0.7,3.5,,-7.5,10.7,1.6,,203.6,9774
Victor Robles,WSN,117,504,441,104,25,3,10,57,40,36,121,19,17,7,,0.236,0.32,0.371,0.691,0.303,,0.2,5.5,,-8.6,7.3,1.5,,498.8,18363
Anthony Santander,BAL,130,560,523,135,32,1,24,67,76,27,117,4,2,2,,0.259,0.299,0.463,0.761,0.322,,-0.8,2.4,,0.7,-4.4,1.5,,327.5,14551
Isiah Kiner-Falefa,NYY,126,546,508,133,21,3,8,60,46,27,81,9,15,4,,0.262,0.31,0.36,0.67,0.293,,0.7,0.5,,-9.5,6.2,1.5,,292,16512
Bryson Stott,PHI,115,497,445,109,18,2,13,54,46,47,125,1,8,5,,0.244,0.317,0.384,0.701,0.306,,-1.2,3.6,,-8.2,7.1,1.5,,448.3,sa3011443
Ha-Seong Kim,SDP,92,399,356,83,18,2,12,49,52,33,82,4,9,1,,0.234,0.305,0.395,0.7,0.303,,1.2,1.5,,-3.1,5,1.5,,365.9,27506
Francisco Mejía,TBR,75,297,271,68,15,3,8,32,34,17,58,6,0,0,,0.25,0.306,0.414,0.721,0.309,,-0.2,0.8,,0,5,1.5,,525,16403
Amed Rosario,CLE,133,574,538,149,26,6,13,73,59,29,114,3,15,4,,0.276,0.315,0.418,0.733,0.315,,1.1,-4.5,,0.2,-4.8,1.5,,174,15518
Steven Kwan,CLE,102,441,403,116,18,5,9,55,41,32,49,3,7,4,,0.287,0.343,0.426,0.769,0.333,,-0.7,-1.7,,5.3,-5.7,1.5,,529.5,sa3008536
Nick Ahmed,ARI,107,462,422,103,25,4,9,51,49,33,97,2,6,2,,0.243,0.299,0.384,0.683,0.294,,0.2,5.6,,-11.4,10.6,1.4,,594.4,12147
Ramón Urías,BAL,105,455,408,103,25,0,12,50,51,37,110,8,2,2,,0.252,0.325,0.403,0.728,0.318,,-0.9,-3.3,,-1.2,0.1,1.4,,545.7,18795
Garrett Cooper,MIA,130,560,495,129,20,2,19,66,66,54,148,9,2,2,,0.261,0.343,0.423,0.766,0.334,,-0.9,-2,,8,-12.5,1.4,,531.2,15279
Alejandro Kirk,TOR,92,379,335,84,20,0,14,44,45,35,52,4,0,0,,0.252,0.327,0.436,0.763,0.329,,-0.3,-0.7,,1.9,-0.7,1.4,,211.6,22581
Gavin Lux,LAD,107,462,414,100,18,5,14,62,61,45,107,2,5,2,,0.243,0.318,0.414,0.731,0.315,,-0.1,-1,,-0.8,-0.7,1.4,,273,19955
Austin Nola,SDP,94,378,338,87,18,1,9,40,43,30,63,7,1,1,,0.256,0.327,0.394,0.721,0.315,,-0.6,-1.6,,-0.9,2.1,1.4,,374.2,15941
Josh Rojas,ARI,122,525,467,117,26,3,12,65,45,52,121,2,16,7,,0.251,0.326,0.395,0.721,0.314,,-0.4,-0.8,,-5,1.2,1.4,,275.3,19734
Kole Calhoun,TEX,110,476,422,97,19,1,21,62,56,46,113,4,3,1,,0.231,0.311,0.432,0.743,0.318,,-0.2,1.2,,1.1,-3.9,1.3,,545.4,11200
Wil Myers,SDP,144,623,558,135,30,3,22,70,78,61,182,1,12,7,,0.242,0.317,0.424,0.742,0.32,,-0.9,-2.5,,1.1,-8.6,1.3,,299.1,10047
David Peralta,ARI,120,518,474,128,26,5,11,53,64,39,97,3,2,0,,0.271,0.329,0.421,0.749,0.322,,0,2.6,,-1.1,-3,1.3,,516.2,2136
Luke Voit,SDP,126,546,478,116,19,1,25,69,79,57,155,10,0,0,,0.243,0.334,0.445,0.779,0.337,,-0.5,-1.3,,8.9,-13.9,1.3,,223.1,14811
Jonah Heim,TEX,66,262,241,58,12,0,5,26,26,17,45,2,1,1,,0.241,0.293,0.357,0.65,0.284,,-0.4,5.8,,-7.1,10.9,1.3,,565.2,16930
Martín Maldonado,HOU,115,454,402,79,15,1,13,45,46,41,132,7,0,0,,0.196,0.282,0.337,0.619,0.273,,-0.3,3.5,,-15.1,12.4,1.3,,576,6887
Manuel Margot,TBR,122,525,479,119,24,4,11,63,57,41,95,1,17,9,,0.249,0.307,0.387,0.694,0.3,,-0.8,3.1,,-4.5,-0.6,1.3,,423.3,14712
Isaac Paredes,TBR,52,224,195,50,8,1,7,29,22,24,33,2,0,0,,0.257,0.34,0.413,0.753,0.327,,-0.3,1,,3.1,1.8,1.3,,600.9,20036
Mike Moustakas,CIN,131,567,508,126,30,1,25,63,85,48,108,7,3,0,,0.247,0.318,0.457,0.775,0.33,,0.1,-6,,0.5,-6.7,1.3,,404.1,4892
José Iglesias,COL,126,546,517,152,31,2,9,64,58,19,69,6,6,4,,0.294,0.326,0.412,0.738,0.319,,-1,0,,-11.4,5.8,1.3,,541,10231
LaMonte Wade Jr.,SFG,113,490,427,103,21,3,19,64,58,48,114,7,7,2,,0.242,0.326,0.442,0.768,0.33,,0,-4,,5.5,-9.2,1.3,,428.6,18126
Jonathan Villar,CHC,109,469,424,108,16,2,14,57,44,39,117,2,19,7,,0.254,0.32,0.399,0.719,0.313,,0.6,-1.9,,-3.5,0.5,1.3,,236.9,10071
Joc Pederson,SFG,123,532,473,111,22,3,23,68,74,45,126,10,2,3,,0.236,0.314,0.44,0.754,0.324,,-1.4,0.9,,1.7,-7,1.2,,509.7,11899
Travis d'Arnaud,ATL,99,393,356,88,17,0,13,42,54,31,98,3,0,0,,0.246,0.307,0.407,0.714,0.309,,-0.3,-1.7,,-5.6,4.8,1.2,,228.6,7739
Andrelton Simmons,CHC,104,448,415,106,15,1,5,44,37,27,53,3,5,1,,0.255,0.305,0.333,0.637,0.281,,0.2,7.8,,-15.4,12.6,1.2,,593,10847
Jazz Chisholm Jr.,MIA,128,553,502,115,17,6,21,71,60,41,174,5,22,9,,0.228,0.292,0.412,0.704,0.303,,0.3,-3.1,,-5.4,-0.9,1.2,,80.2,20454
Nico Hoerner,CHC,68,294,266,74,13,2,3,32,28,22,43,5,6,4,,0.277,0.341,0.37,0.71,0.311,,-0.5,3.6,,-3.5,5.7,1.2,,539,21479
Austin Slater,SFG,73,315,277,69,15,2,10,38,34,31,83,6,11,2,,0.25,0.337,0.421,0.757,0.328,,1.2,0.7,,4.2,-2.7,1.2,,583.3,16153
Tom Murphy,SEA,71,282,250,53,9,1,11,29,35,28,91,2,1,1,,0.212,0.293,0.388,0.681,0.296,,-0.4,0.2,,-3.5,5.7,1.2,,552,13499
Yadier Molina,STL,112,444,414,101,17,0,9,39,57,20,74,5,3,0,,0.244,0.286,0.354,0.639,0.278,,0.3,3.2,,-13.5,10.6,1.2,,334.8,7007
Ryan Jeffers,MIN,81,320,288,61,11,1,12,33,36,27,102,5,0,1,,0.212,0.289,0.381,0.671,0.293,,-0.6,1.5,,-6.8,7.7,1.2,,506.9,24618
Tucker Barnhart,DET,96,378,338,78,16,1,6,33,35,33,86,4,0,1,,0.229,0.303,0.335,0.639,0.282,,-0.7,3.2,,-11.7,10.6,1.2,,504.1,10200
Jake Fraley,CIN,63,273,235,59,12,1,12,35,44,31,76,4,10,4,,0.251,0.345,0.464,0.809,0.346,,0.3,0.3,,4.1,-1.5,1.2,,525.9,19260
Yu Chang,CLE,84,364,336,80,18,2,13,44,49,22,103,4,2,2,,0.239,0.292,0.423,0.714,0.306,,-0.7,3.3,,-3.9,3.1,1.2,,596.8,14773
Cristian Pache,OAK,122,525,485,105,24,3,14,62,50,33,147,3,8,8,,0.217,0.271,0.364,0.634,0.275,,-2.1,9.3,,-17.5,11.1,1.2,,567.3,19948
Eddie Rosario,ATL,113,490,458,125,23,2,21,64,78,27,72,0,8,2,,0.273,0.31,0.47,0.78,0.33,,0.4,-0.5,,2.3,-7,1.1,,181.8,12155
Nick Senzel,CIN,122,525,476,122,26,5,13,68,50,42,109,2,13,10,,0.255,0.316,0.412,0.727,0.314,,-1.9,1,,-8.4,2.5,1.1,,378.3,19293
Manny Piña,ATL,60,237,210,46,8,0,9,24,34,20,52,6,0,0,,0.22,0.305,0.395,0.7,0.304,,-0.2,3.1,,-4.3,7.7,1.1,,580.7,2829
Jason Heyward,CHC,87,378,338,82,14,3,10,45,40,36,72,3,5,1,,0.243,0.319,0.393,0.711,0.309,,0.4,3.2,,-4.1,2.9,1.1,,597.1,4940
Nick Pratto,KCR,79,343,300,75,15,3,15,42,42,32,96,4,5,2,,0.249,0.325,0.468,0.793,0.337,,0,1.8,,5.1,-5.5,1.1,,563.1,sa3004138
Alex Kirilloff,MIN,112,483,450,121,22,1,17,51,61,28,111,4,4,4,,0.269,0.316,0.434,0.75,0.321,,-1.3,1.2,,0.5,-5.7,1.1,,187.1,20325
Bobby Dalbec,BOS,121,525,470,107,21,3,27,60,76,42,185,10,3,1,,0.228,0.303,0.459,0.762,0.323,,-0.2,1.8,,0,-6.7,1.1,,218.9,19966
Kyle Farmer,CIN,100,434,398,102,19,2,11,44,48,19,83,12,3,2,,0.256,0.308,0.398,0.705,0.305,,-0.6,1.4,,-9.2,5.9,1.1,,539,14813
Jesús Aguilar,MIA,123,532,468,119,21,0,21,56,87,51,108,3,0,0,,0.254,0.326,0.433,0.759,0.324,,-0.4,0.6,,3.4,-9.9,1.1,,305.9,11342
Joey Bart,SFG,94,371,343,82,15,1,11,44,37,20,116,6,1,1,,0.238,0.29,0.381,0.671,0.292,,-0.5,-0.4,,-8.2,6.9,1.1,,268.5,21524
César Hernández,WSN,115,497,445,111,19,2,13,61,50,45,99,4,3,2,,0.249,0.322,0.385,0.707,0.309,,-0.5,-0.5,,-6.8,1.3,1.1,,432.6,10556
Taylor Ward,LAA,83,357,315,78,20,1,13,47,42,36,91,5,5,2,,0.249,0.335,0.442,0.776,0.335,,0,-2.8,,5.4,-6.7,1.1,,599.8,17548
Tyrone Taylor,MIL,71,308,279,67,13,3,11,36,43,20,71,5,5,1,,0.239,0.299,0.425,0.725,0.311,,0.5,3.6,,-2.7,3.1,1.1,,545.1,13675
Lane Thomas,WSN,115,497,439,103,23,4,16,64,63,50,135,4,11,6,,0.235,0.317,0.413,0.73,0.316,,-0.8,1.5,,-4.1,-1.8,1.1,,295.1,16939
J.D. Davis,NYM,73,315,278,73,14,1,10,35,34,30,81,5,2,0,,0.262,0.342,0.43,0.772,0.335,,0.1,-3.5,,6,-6,1,,538.7,16219
James McCann,NYM,96,378,347,82,14,1,10,33,43,25,107,4,2,2,,0.236,0.293,0.368,0.661,0.287,,-0.7,-1.2,,-8.3,6.2,1,,383.1,12859
Didi Gregorius,PHI,113,490,446,110,20,4,18,58,73,31,75,7,4,2,,0.245,0.3,0.425,0.725,0.309,,-0.6,-4,,-6.6,0.7,1,,533.5,6012
Elvis Andrus,OAK,122,525,485,121,23,3,6,59,41,30,78,4,12,4,,0.25,0.296,0.345,0.641,0.28,,0.5,-0.4,,-12.9,5.2,1,,572.7,8709
Rowdy Tellez,MIL,102,441,398,103,21,1,21,54,60,34,101,6,1,1,,0.258,0.324,0.469,0.793,0.336,,-0.5,-0.6,,3.9,-8.4,1,,373.1,15679
Seth Brown,OAK,117,504,464,108,26,3,23,63,75,33,150,2,6,1,,0.232,0.283,0.449,0.732,0.308,,0.4,1.5,,-0.6,-6.5,1,,517.8,18171
Chad Pinder,OAK,109,469,427,104,25,1,15,60,57,31,115,6,1,1,,0.244,0.303,0.415,0.717,0.309,,-0.7,-1.4,,-1.3,-4.7,1,,579.5,15191
Ji-Man Choi,TBR,117,504,426,97,21,1,16,54,64,68,141,4,1,1,,0.226,0.335,0.396,0.731,0.32,,-0.7,-2.1,,4.1,-11.3,1,,584.5,5452
Chas McCormick,HOU,63,273,242,59,8,1,9,34,34,24,71,3,6,2,,0.243,0.315,0.399,0.713,0.309,,0,3.2,,-0.8,1.4,1,,528.4,19599
Evan Longoria,SFG,94,406,368,90,17,1,13,48,53,31,89,3,2,1,,0.244,0.306,0.404,0.71,0.305,,-0.3,0.4,,-4.3,0.7,1,,514,9368
Taylor Walls,TBR,86,371,326,71,16,2,6,41,34,38,100,2,14,8,,0.219,0.301,0.335,0.636,0.281,,-0.8,4.8,,-9.2,6.4,1,,594.9,22458
Brandon Marsh,LAA,115,497,448,111,20,5,8,47,34,45,148,2,10,2,,0.249,0.319,0.367,0.686,0.301,,0.7,2.7,,-5.9,-1.2,1,,420,20202
Alec Bohm,PHI,83,357,323,85,14,1,10,41,41,28,83,2,4,1,,0.262,0.323,0.409,0.731,0.316,,-0.1,-0.4,,-2.2,0.1,1,,377.1,21618
Michael A. Taylor,KCR,125,539,496,113,23,2,13,58,50,34,153,4,15,7,,0.229,0.281,0.363,0.644,0.279,,-0.3,7.5,,-18.2,9.4,1,,542.2,11489
Yan Gomes,CHC,65,257,237,58,11,1,9,30,33,15,58,4,1,0,,0.246,0.298,0.409,0.708,0.302,,0,0.9,,-4.6,5.6,0.9,,490.1,9627
Jarred Kelenic,SEA,118,511,462,106,22,3,22,62,73,42,131,4,11,6,,0.229,0.297,0.432,0.729,0.312,,-0.5,-6.3,,0.5,-8.4,0.9,,148.7,22558
Kevin Plawecki,BOS,62,243,218,56,13,1,4,23,25,19,41,5,0,0,,0.256,0.33,0.384,0.714,0.314,,-0.2,-1.6,,-2,3.1,0.9,,587,13807
Frank Schwindel,CHC,118,511,478,128,27,1,23,64,77,24,87,3,2,1,,0.267,0.305,0.474,0.78,0.33,,-0.4,-0.3,,2.5,-10,0.9,,244.3,15351
Elias Díaz,COL,91,358,328,86,17,1,12,44,42,27,59,2,0,0,,0.261,0.319,0.429,0.748,0.321,,-0.3,-3.3,,-6.2,3.7,0.9,,226.6,11680
Josh Harrison,CHW,94,406,369,94,18,2,7,41,40,22,58,11,6,3,,0.255,0.314,0.368,0.682,0.299,,-0.6,0.3,,-6,1.5,0.9,,394.8,8202
Tommy La Stella,SFG,107,462,420,111,19,2,10,56,47,37,47,3,0,0,,0.265,0.328,0.39,0.718,0.313,,-0.4,-5.2,,-1.9,-4.3,0.9,,568,12371
Michael Hermosillo,CHC,57,245,213,49,9,2,10,34,33,20,74,9,6,3,,0.23,0.32,0.431,0.752,0.326,,-0.1,0.7,,0.4,0.2,0.9,,599,16285
Andrew McCutchen,MIL,138,595,505,116,23,1,23,78,78,80,138,5,8,3,,0.231,0.338,0.416,0.754,0.329,,-0.1,-1.1,,2.5,-13.5,0.9,,319.5,9847
Gavin Sheets,CHW,81,350,319,82,16,0,16,42,57,25,79,2,1,1,,0.256,0.311,0.459,0.77,0.329,,-0.4,0.3,,3.5,-6.7,0.9,,540.2,19901
Luis García,WSN,71,308,290,78,17,2,10,37,34,15,52,1,1,3,,0.27,0.308,0.44,0.747,0.319,,-1,-1.5,,-2.3,0.7,0.9,,585.4,20391
Austin Hedges,CLE,94,371,337,65,11,0,14,36,45,22,107,3,1,0,,0.194,0.248,0.35,0.599,0.257,,0,6.9,,-18.3,14.1,0.8,,587.6,12976
Odúbel Herrera,PHI,73,315,290,75,15,1,9,36,36,19,52,3,4,1,,0.259,0.309,0.412,0.721,0.311,,0.3,-0.1,,-3,1,0.8,,591.1,11476
Rougned Odor,BAL,78,336,301,64,15,1,17,43,49,27,97,6,3,4,,0.213,0.288,0.435,0.723,0.308,,-1.2,-0.1,,-4.2,1.1,0.8,,532.9,12282
Jurickson Profar,SDP,120,518,453,109,24,2,11,64,54,52,77,8,11,3,,0.241,0.328,0.379,0.708,0.311,,0.4,-2.8,,-1.7,-7,0.8,,559.4,10815
Kyle Higashioka,NYY,65,256,237,49,11,0,12,27,38,16,70,1,0,0,,0.206,0.258,0.408,0.666,0.284,,-0.1,1.4,,-6.8,6.4,0.8,,513.3,5517
Jose Barrero,CIN,53,231,207,52,11,1,7,29,29,15,57,5,7,2,,0.249,0.313,0.404,0.717,0.31,,0.5,1.3,,-3.1,3.7,0.8,,548,23378
Bobby Bradley,CLE,105,455,408,87,17,1,25,53,65,37,165,6,0,0,,0.214,0.287,0.443,0.731,0.31,,-0.3,3.7,,-2.7,-4.5,0.8,,529.9,17278
Jordan Luplow,ARI,79,343,297,69,17,1,14,44,45,41,89,3,3,3,,0.233,0.332,0.438,0.77,0.334,,-1,0.8,,1.6,-4.8,0.8,,600.6,16424
Sam Hilliard,COL,105,455,413,93,18,4,22,58,58,38,152,2,13,3,,0.226,0.293,0.445,0.739,0.313,,1.1,4.1,,-9.5,2.5,0.8,,519.1,17954
Jason Castro,HOU,40,160,136,29,6,0,6,19,17,20,50,2,0,0,,0.215,0.327,0.401,0.728,0.32,,-0.1,-1.4,,0.8,1.8,0.8,,600,8722
Tyler Naquin,CIN,113,490,451,118,26,2,17,55,69,31,114,5,5,4,,0.263,0.315,0.443,0.758,0.324,,-0.9,0.4,,-3.2,-5.1,0.8,,386,13359
Gary Sánchez,MIN,112,456,400,82,16,1,22,55,64,48,125,6,0,0,,0.205,0.3,0.415,0.714,0.308,,-0.3,-5.6,,-3.5,-4.2,0.8,,244.6,11442
Steven Duggar,SFG,66,287,261,63,14,3,6,36,29,24,88,1,7,2,,0.243,0.31,0.387,0.697,0.302,,0.3,0.9,,-3.2,1.5,0.8,,599.4,17719
Josh Naylor,CLE,120,518,475,123,26,1,17,61,58,39,91,2,2,1,,0.258,0.317,0.425,0.741,0.319,,-0.4,-3.2,,0.4,-10.3,0.8,,583,18839
Edmundo Sosa,STL,53,231,211,53,8,2,5,26,20,10,47,8,2,2,,0.251,0.307,0.378,0.685,0.298,,-0.7,2.2,,-3.9,4,0.8,,540,17022
Matt Duffy,LAA,55,238,212,58,9,0,3,28,20,20,43,4,4,1,,0.274,0.346,0.365,0.711,0.316,,0,-1.2,,-0.3,-0.3,0.8,,586.5,13836
Cal Raleigh,SEA,68,269,249,55,14,0,10,27,34,16,69,2,2,1,,0.22,0.27,0.404,0.674,0.288,,0,-2,,-4.9,3.3,0.7,,580.8,21534
Carter Kieboom,WSN,68,294,256,61,11,1,8,37,32,30,70,6,1,1,,0.238,0.33,0.388,0.718,0.314,,-0.5,-0.5,,-2.8,0.6,0.7,,579,19958
Christian Walker,ARI,125,539,486,120,29,2,18,69,64,45,136,5,2,1,,0.248,0.316,0.428,0.744,0.32,,-0.4,2.1,,-2.4,-8,0.7,,521.8,13419
Kevin Newman,PIT,120,518,481,127,23,4,6,52,43,27,49,3,8,4,,0.264,0.307,0.367,0.674,0.292,,-0.3,-1.2,,-12.5,2.7,0.7,,595.7,17696
Ben Gamel,PIT,117,504,435,109,26,4,9,57,35,60,126,4,5,6,,0.251,0.344,0.391,0.735,0.321,,-2.1,-2.3,,-1.7,-7.7,0.7,,586.6,12160
Rafael Ortega,CHC,79,343,310,78,15,2,10,41,37,30,70,1,9,4,,0.25,0.32,0.412,0.732,0.317,,-0.4,0.7,,-2.1,-2.1,0.7,,398.8,10323
Dylan Moore,SEA,60,259,228,49,10,1,8,30,29,24,72,6,14,5,,0.213,0.301,0.38,0.681,0.299,,0.5,0.7,,-1.8,0.1,0.7,,537.2,18042
Daniel Vogelbach,PIT,79,343,287,65,13,0,13,42,40,54,76,1,0,0,,0.227,0.351,0.411,0.762,0.335,,-0.3,-0.2,,3.8,-8.1,0.7,,587.8,14130
Andrew Knizner,STL,49,192,174,42,7,0,5,22,19,13,34,4,2,0,,0.239,0.304,0.364,0.668,0.292,,0.2,0.4,,-3.4,4.1,0.7,,598.5,19514
Aristides Aquino,CIN,102,441,392,88,15,1,25,56,74,42,139,4,7,2,,0.225,0.304,0.463,0.768,0.325,,0.1,0.3,,-1.3,-6.3,0.7,,588.8,15482
Austin Barnes,LAD,55,218,190,40,8,0,6,27,23,21,54,4,2,1,,0.209,0.301,0.342,0.643,0.283,,0,1.7,,-6.1,5.9,0.7,,592.6,12158
Jo Adell,LAA,130,560,519,125,23,5,24,61,88,32,160,5,9,3,,0.241,0.291,0.444,0.735,0.314,,0,-4.7,,-1.6,-10.6,0.7,,208.6,20220
Gabriel Arias,CLE,37,161,149,39,8,1,4,19,16,9,40,1,1,0,,0.262,0.31,0.412,0.722,0.311,,0,0.4,,-0.7,2,0.7,,600.8,sa3004047
Bryan De La Cruz,MIA,66,287,263,71,11,2,7,31,27,19,65,2,2,2,,0.27,0.321,0.41,0.731,0.315,,-0.8,-1,,-0.8,-1.9,0.7,,568.6,19600
Andrew Vaughn,CHW,78,336,297,73,17,0,13,39,35,30,73,7,1,1,,0.245,0.325,0.429,0.755,0.327,,-0.7,-0.3,,2.5,-7.1,0.7,,285.5,26197
Pavin Smith,ARI,109,469,424,112,21,4,11,55,42,39,86,2,2,1,,0.264,0.326,0.405,0.731,0.317,,-0.4,0.4,,-3.4,-5.4,0.7,,506.8,19892
Thairo Estrada,SFG,57,245,227,59,11,1,8,35,29,14,46,4,3,1,,0.262,0.315,0.421,0.735,0.317,,-0.1,-2.4,,0,-1.6,0.6,,597.4,16426
Willie Calhoun,TEX,115,497,455,117,22,2,18,55,55,37,71,4,1,1,,0.256,0.315,0.433,0.748,0.321,,-0.6,-3,,1.8,-12.3,0.6,,492.4,17838
Riley Adams,WSN,63,251,219,47,10,1,7,26,22,23,84,7,1,0,,0.215,0.31,0.369,0.679,0.301,,-0.1,-1,,-4.9,2.9,0.6,,591.2,19864
Darin Ruf,SFG,97,420,372,89,18,1,17,47,52,41,117,5,2,1,,0.238,0.321,0.431,0.752,0.324,,-0.4,-0.4,,2.1,-9.8,0.6,,469.9,9929
Nick Solak,TEX,73,315,284,74,12,1,8,38,35,22,66,6,4,2,,0.26,0.326,0.397,0.723,0.316,,-0.3,-2.1,,-0.2,-4.4,0.6,,524,19294
Randal Grichuk,COL,128,553,517,136,30,3,27,69,86,29,114,4,1,2,,0.263,0.305,0.488,0.793,0.335,,-1,-7,,-3.9,-8.3,0.6,,298.5,10243
Curt Casali,SFG,65,256,225,49,10,0,7,23,27,25,72,3,0,0,,0.217,0.304,0.354,0.657,0.288,,-0.2,-1,,-6.4,4,0.6,,591.8,12510
Jorge Mateo,BAL,99,427,404,96,20,7,10,45,38,17,118,4,17,8,,0.238,0.274,0.393,0.667,0.285,,-0.2,-0.2,,-12.2,3.6,0.6,,403.7,17273
Leury García,CHW,86,371,338,88,15,2,6,45,34,22,78,3,7,2,,0.26,0.31,0.37,0.68,0.297,,0.1,-2.1,,-5.6,-1.1,0.6,,561.2,5913
Kyle Lewis,SEA,73,315,285,68,13,0,11,34,33,28,96,1,3,1,,0.24,0.308,0.395,0.703,0.306,,0,0.4,,-0.9,-3.9,0.6,,467.4,19508
Nolan Gorman,STL,31,133,124,31,6,0,5,15,16,7,29,1,1,0,,0.25,0.293,0.43,0.723,0.309,,0.2,1.6,,-0.6,2.1,0.6,,548.3,sa3007017
Mauricio Dubón,SFG,39,168,156,41,7,1,4,19,16,10,29,1,3,2,,0.262,0.309,0.389,0.699,0.302,,-0.2,1.4,,-2.2,2.5,0.6,,595.8,16530
Sheldon Neuse,OAK,68,294,271,65,12,1,7,32,29,18,83,1,3,1,,0.24,0.29,0.37,0.66,0.287,,0.1,0.4,,-5.7,1.5,0.6,,600.5,19635
Christian Arroyo,BOS,52,224,205,51,12,1,7,26,28,12,52,5,2,0,,0.251,0.309,0.424,0.733,0.317,,0.2,1.2,,-0.9,-0.9,0.6,,597.8,16434
Jose Trevino,NYY,60,237,223,54,13,0,4,22,23,9,42,0,1,1,,0.241,0.267,0.358,0.625,0.267,,-0.3,2.8,,-9.8,7.5,0.6,,598.2,16725
Dom Nuñez,COL,66,262,227,46,11,2,11,31,32,31,87,2,1,1,,0.203,0.303,0.415,0.717,0.306,,-0.4,-0.2,,-8,5,0.6,,591.3,15055
Oscar Mercado,CLE,49,210,189,46,10,1,5,27,20,16,40,2,7,2,,0.243,0.308,0.389,0.697,0.303,,0.6,1.8,,-1.7,0.1,0.6,,594.5,16375
Hunter Dozier,KCR,100,434,390,93,21,5,16,48,48,37,117,3,3,2,,0.238,0.307,0.437,0.744,0.319,,-0.7,-3.7,,-0.9,-8.3,0.6,,467.2,15117
Santiago Espinal,TOR,78,336,309,78,15,1,4,36,26,23,54,2,6,4,,0.253,0.308,0.347,0.655,0.288,,-0.9,3.1,,-10.4,4.5,0.6,,575.8,19997
Austin Allen,OAK,26,102,95,24,6,0,4,11,13,6,23,1,0,0,,0.249,0.295,0.434,0.729,0.311,,-0.1,0.1,,-0.1,2.1,0.6,,600.3,18083
Kevin Smith,OAK,96,413,378,81,17,2,15,44,47,27,123,3,10,3,,0.215,0.272,0.387,0.658,0.283,,0.4,-1.1,,-9.2,0.7,0.6,,525.6,20242
Kyle Isbel,KCR,53,231,210,52,11,2,6,30,22,16,53,3,8,2,,0.247,0.308,0.398,0.706,0.306,,0.6,0.7,,-2,-0.4,0.5,,558.6,21614
Triston Casas,BOS,60,259,230,58,11,1,10,35,31,23,60,2,3,1,,0.252,0.325,0.436,0.761,0.328,,-0.1,0.5,,1,-4.4,0.5,,550.5,sa3007634
Greg Allen,PIT,41,175,156,40,8,2,2,22,14,10,36,7,8,2,,0.254,0.327,0.373,0.7,0.307,,0.5,2.2,,-1.4,0.9,0.5,,597,16623
Jose Miranda,MIN,49,210,195,53,11,0,6,27,26,10,29,3,1,1,,0.272,0.316,0.432,0.749,0.322,,-0.3,0.4,,0.6,-2.4,0.5,,490.5,sa917952
Matt Vierling,PHI,81,350,317,74,13,2,8,38,31,22,84,5,8,2,,0.233,0.29,0.36,0.649,0.282,,0.3,4.9,,-11.6,5.2,0.5,,574.2,21558
Victor Reyes,DET,29,126,119,33,6,2,3,16,12,6,27,1,4,1,,0.282,0.314,0.428,0.742,0.318,,0.2,0.6,,0.3,0.5,0.5,,593,15487
Josh Lowe,TBR,94,406,359,83,17,2,12,52,47,38,123,2,16,2,,0.233,0.308,0.393,0.7,0.305,,1.9,-5.2,,0.6,-9.3,0.5,,492.2,19953
Aledmys Díaz,HOU,42,182,166,41,10,0,5,19,24,11,32,4,1,1,,0.25,0.308,0.396,0.704,0.303,,-0.3,0.6,,-1.7,0.6,0.5,,583,15937
Johan Camargo,PHI,36,154,140,36,7,0,6,20,18,12,31,1,0,0,,0.258,0.32,0.436,0.756,0.325,,-0.3,-0.3,,-0.1,0.1,0.5,,600.9,14950
Ben Rortvedt,NYY,37,147,133,27,5,0,4,16,15,10,42,2,0,0,,0.206,0.273,0.34,0.613,0.268,,-0.1,2.9,,-5.8,5.8,0.5,,999,20287
MJ Melendez,KCR,50,210,187,46,10,1,9,25,26,18,51,1,1,2,,0.243,0.311,0.441,0.752,0.322,,-0.7,0.1,,-0.2,-2,0.5,,488.3,sa3004139
Seth Beer,ARI,96,413,364,94,19,0,14,51,45,28,88,18,0,2,,0.259,0.34,0.424,0.764,0.332,,-1,-1,,1.5,-10.3,0.5,,553.1,20493
Donovan Solano,CIN,58,252,231,65,12,1,5,26,24,13,45,4,1,0,,0.283,0.328,0.408,0.737,0.318,,-0.1,-0.7,,-2.4,-1.1,0.5,,596.6,8623
Niko Goodrum,HOU,37,161,144,32,7,1,5,19,19,15,51,1,5,2,,0.223,0.297,0.383,0.681,0.296,,0.3,0.2,,-1.9,1.1,0.5,,579.4,12092
Stephen Piscotty,OAK,109,469,429,104,22,0,15,49,57,31,110,6,3,0,,0.243,0.3,0.401,0.701,0.303,,0.2,-1.2,,-2.6,-8.6,0.5,,595.9,13367
Jace Peterson,MIL,47,203,177,42,8,1,5,23,22,23,46,2,6,1,,0.24,0.332,0.377,0.709,0.313,,0.5,-0.9,,-1.2,-0.8,0.5,,582.6,12325
Raimel Tapia,TOR,117,504,465,120,25,4,7,62,43,34,90,1,17,4,,0.258,0.309,0.374,0.683,0.297,,1.3,0.2,,-9.3,-3.2,0.5,,325.4,14350
Robinson Chirinos,BAL,45,179,155,32,7,1,6,19,21,17,56,5,0,0,,0.209,0.305,0.388,0.693,0.302,,-0.1,-2.3,,-2.7,1.2,0.5,,594.2,3142
Starlin Castro,,45,196,182,49,10,1,4,19,23,11,34,0,0,1,,0.272,0.313,0.406,0.719,0.308,,-0.4,-0.5,,-2.2,0.2,0.5,,600.4,4579
Adam Engel,CHW,42,182,167,40,8,1,6,21,18,9,45,4,6,2,,0.24,0.295,0.407,0.702,0.303,,0.3,1.3,,-1.5,-0.2,0.4,,598.8,15082
Alek Thomas,ARI,29,126,115,30,6,2,3,15,13,10,27,1,3,2,,0.264,0.327,0.421,0.748,0.324,,-0.3,0.2,,-0.4,0.7,0.4,,577.6,sa3006892
Reese McGuire,CHW,39,154,140,33,8,1,3,16,11,10,31,1,1,0,,0.236,0.29,0.362,0.652,0.283,,0,0.3,,-4.1,3.3,0.4,,600.2,15674
Brett Phillips,TBR,39,168,145,27,4,3,5,22,19,20,64,1,8,1,,0.183,0.284,0.358,0.642,0.282,,1,2.6,,-2.7,1.3,0.4,,595.5,14735
Sergio Alcántara,ARI,55,238,209,48,7,2,4,26,16,25,61,1,4,1,,0.228,0.313,0.331,0.645,0.287,,0,2.3,,-7.4,3.8,0.4,,600.5,16417
Luis Guillorme,NYM,26,112,96,25,4,0,2,11,7,13,19,0,1,1,,0.256,0.347,0.349,0.695,0.31,,-0.3,0.2,,-0.5,0.9,0.4,,999,16451
Cam Gallagher,KCR,24,96,87,22,5,0,2,9,7,6,16,1,0,0,,0.25,0.303,0.36,0.663,0.291,,-0.1,1.3,,-2.4,3.2,0.4,,600.4,12981
Robinson Canó,NYM,113,490,456,119,26,0,14,50,53,26,81,5,0,0,,0.26,0.305,0.408,0.713,0.305,,-0.4,-1.4,,-3.3,-8.9,0.4,,537.6,3269
Leody Taveras,TEX,32,140,126,28,5,1,4,17,13,11,36,1,5,1,,0.224,0.289,0.375,0.665,0.288,,0.4,1.6,,-2.8,2.1,0.4,,590.3,18900
Colin Moran,CIN,84,364,327,86,15,0,15,38,62,31,90,3,1,1,,0.264,0.329,0.444,0.773,0.331,,-0.5,-0.8,,-0.1,-8,0.4,,579.8,16909
Connor Joe,COL,76,329,283,72,15,1,11,41,42,38,68,4,1,1,,0.255,0.35,0.428,0.777,0.339,,-0.5,0.8,,-1.3,-5.6,0.4,,352.6,16572
Abraham Toro,SEA,28,119,106,26,5,0,3,15,13,10,21,3,1,1,,0.243,0.32,0.39,0.711,0.311,,-0.2,-0.1,,0,-0.1,0.4,,399.3,19844
Brett Gardner,,71,308,264,59,11,3,7,33,28,36,68,2,4,1,,0.223,0.319,0.369,0.688,0.303,,0.2,-0.9,,-3.8,-2.6,0.4,,598.6,9927
Yadiel Hernandez,WSN,62,266,242,65,10,1,10,33,35,21,60,1,2,1,,0.268,0.326,0.439,0.765,0.327,,-0.4,-2,,0.3,-5.2,0.4,,595,19334
Tomás Nido,NYM,60,237,225,49,10,1,5,22,23,9,64,2,1,0,,0.219,0.254,0.339,0.593,0.254,,0.1,2.6,,-11.2,7.2,0.4,,600.1,13755
Victor Caratini,SDP,32,128,113,27,4,0,3,13,14,12,29,2,1,0,,0.239,0.319,0.357,0.676,0.295,,0,-0.7,,-2.2,1.8,0.4,,589.8,14968
Charlie Blackmon,COL,138,595,535,148,28,4,17,85,73,47,100,9,3,2,,0.276,0.342,0.442,0.784,0.337,,-0.8,-2.2,,-2.9,-12.9,0.4,,237.5,7859
Luis Torrens,SEA,52,216,197,46,9,1,7,22,26,16,54,1,0,0,,0.236,0.293,0.4,0.693,0.298,,-0.4,-0.2,,-2.4,-1.2,0.4,,473.7,15905
Jon Berti,MIA,29,126,109,26,4,0,2,17,10,13,29,2,5,2,,0.239,0.331,0.343,0.674,0.302,,0.1,0.3,,-1.3,0.8,0.4,,585.7,12037
Travis Swaggerty,PIT,34,147,132,32,4,1,3,16,11,13,39,0,5,2,,0.242,0.311,0.354,0.665,0.294,,0.1,1.4,,-3.1,1.9,0.4,,598.3,sa3007512
Bradley Zimmer,CLE,36,154,133,29,4,0,4,20,15,13,54,7,6,2,,0.221,0.321,0.342,0.664,0.298,,0.5,1.3,,-1.9,0.2,0.4,,537.9,16221
Dustin Garneau,DET,36,141,125,25,6,0,6,16,17,10,39,3,0,0,,0.198,0.273,0.389,0.662,0.286,,-0.1,-0.3,,-3.7,2.4,0.4,,999,9433
Luis Rengifo,LAA,26,112,101,25,4,1,3,13,10,9,21,1,3,1,,0.245,0.309,0.387,0.696,0.302,,-0.2,0.7,,-1.5,1.2,0.3,,600.4,19858
Yonny Hernandez,TEX,23,98,84,20,3,0,0,11,5,11,18,2,6,3,,0.241,0.344,0.302,0.646,0.296,,-0.1,1,,-1.6,1.7,0.3,,600.9,19432
Michael Perez,PIT,40,160,145,30,6,1,4,15,17,13,43,1,0,1,,0.204,0.273,0.351,0.624,0.271,,-0.4,1.9,,-6.9,5.1,0.3,,600.9,12977
Cooper Hummel,ARI,42,182,153,35,7,1,5,23,19,24,46,3,1,1,,0.23,0.344,0.385,0.728,0.323,,-0.3,0.3,,-0.5,-2.1,0.3,,999,sa918412
CJ Abrams,SDP,26,112,103,25,5,1,2,15,11,7,24,1,6,2,,0.241,0.292,0.362,0.653,0.285,,0.4,1.1,,-2.5,2.2,0.3,,469.5,sa3010152
Carlos Santana,KCR,115,497,425,98,17,0,15,55,54,67,79,2,2,0,,0.231,0.336,0.374,0.709,0.312,,-0.1,-0.4,,-3.1,-10.4,0.3,,536.6,2396
Hanser Alberto,LAD,57,245,233,63,12,1,4,26,24,5,25,2,2,1,,0.27,0.291,0.383,0.673,0.29,,-0.3,0.9,,-5.9,1.1,0.3,,600.5,11902
Garrett Stubbs,PHI,26,102,90,20,4,0,2,13,8,9,20,1,2,0,,0.223,0.296,0.337,0.633,0.28,,0.2,1.4,,-3.5,3.4,0.3,,600.8,18067
Tim Locastro,NYY,28,119,104,24,5,1,2,16,9,7,23,8,6,1,,0.235,0.329,0.361,0.69,0.308,,0.5,-0.2,,-0.2,-0.6,0.3,,600.4,15124
Aramis Garcia,CIN,37,147,135,30,6,0,6,17,17,8,45,1,0,0,,0.224,0.274,0.398,0.672,0.289,,-0.3,0.7,,-5.2,3.6,0.3,,600.6,16925
Kelvin Gutierrez,BAL,81,350,324,76,10,2,7,32,32,21,86,3,4,2,,0.235,0.287,0.347,0.635,0.278,,-0.1,2.4,,-12,3.4,0.3,,598.4,17468
Dominic Smith,NYM,96,413,377,96,22,1,12,44,55,27,97,6,2,1,,0.255,0.312,0.41,0.722,0.311,,-0.3,-2.3,,-0.6,-10,0.3,,456.8,15653
Wilson Ramos,,24,96,89,24,4,0,3,9,13,6,17,1,0,0,,0.269,0.316,0.418,0.734,0.316,,-0.1,-1.8,,-0.3,0.1,0.3,,600.9,1433
Mike Brosseau,MIL,39,168,151,35,7,0,6,21,19,13,45,3,2,0,,0.232,0.304,0.402,0.706,0.305,,0,0.3,,-2.5,-0.1,0.3,,599.5,19683
Michael Stefanic,LAA,23,98,89,24,4,0,2,12,8,7,15,2,1,1,,0.266,0.328,0.38,0.707,0.311,,-0.3,0.4,,-0.8,0.3,0.3,,999,sa3008479
Diego Castillo,PIT,91,392,358,89,19,1,8,41,32,27,53,3,6,3,,0.249,0.306,0.378,0.684,0.299,,-0.2,-1.5,,-7.2,-2.9,0.3,,590.5,sa872839
Orlando Arcia,ATL,31,133,121,30,5,0,4,13,14,10,24,1,2,1,,0.246,0.303,0.394,0.697,0.3,,-0.1,1.3,,-2.9,1.3,0.3,,600.8,13185
Owen Miller,CLE,42,182,169,42,8,1,4,19,17,11,42,2,1,1,,0.248,0.297,0.371,0.669,0.291,,-0.2,1.4,,-4.1,0.7,0.3,,600.2,24655
Asdrúbal Cabrera,CIN,41,175,156,37,9,0,6,20,26,16,40,1,0,0,,0.239,0.312,0.414,0.726,0.312,,0,-1.5,,-1,-2.1,0.3,,600.7,4962
Bryan Lavastida,CLE,29,115,103,26,5,0,3,18,13,9,24,1,4,2,,0.248,0.312,0.382,0.694,0.302,,-0.1,-1.9,,-1.5,0.3,0.3,,999,sa3006917
Vidal Bruján,TBR,23,98,90,21,4,1,2,12,9,7,19,0,8,2,,0.231,0.29,0.348,0.638,0.28,,0.7,0.6,,-1.6,1,0.3,,469.5,20536
Alex Dickerson,ATL,75,322,292,73,14,2,13,40,43,24,75,6,1,0,,0.249,0.317,0.441,0.758,0.324,,0,-0.3,,-0.2,-7.7,0.3,,599,12649
DJ Stewart,BAL,39,168,145,33,7,0,7,21,22,20,43,2,1,1,,0.225,0.325,0.426,0.751,0.325,,-0.2,-1.1,,0.6,-3.7,0.3,,600.9,17766
Cole Tucker,PIT,76,329,293,66,14,4,6,37,27,31,78,2,7,3,,0.224,0.302,0.353,0.655,0.288,,0,0.4,,-8.8,0.5,0.3,,588.5,17326
Tyler Nevin,BAL,29,126,114,27,5,0,4,14,14,10,27,1,1,0,,0.235,0.301,0.395,0.695,0.302,,-0.1,0.3,,-1.9,0.2,0.3,,999,17893
Kevin Pillar,LAD,34,147,139,36,8,1,5,19,23,4,28,2,2,1,,0.257,0.29,0.441,0.73,0.31,,-0.1,-0.4,,-1.1,-1.3,0.2,,595.7,12434
Chris Owings,BAL,34,147,134,28,6,1,5,16,14,12,47,1,4,2,,0.209,0.275,0.374,0.65,0.281,,-0.1,1.6,,-4.8,2.3,0.2,,600.9,10030
Brent Rooker,MIN,44,189,165,36,8,0,9,23,24,17,64,5,0,0,,0.216,0.306,0.434,0.74,0.318,,-0.2,-1.7,,0.1,-4,0.2,,599.9,19627
Jose Herrera,ARI,19,77,68,15,3,0,1,8,6,8,18,0,0,0,,0.217,0.299,0.326,0.625,0.277,,-0.1,1.5,,-3.1,3,0.2,,999,sa830295
Luke Maile,CLE,39,154,138,29,7,0,2,17,13,13,45,2,1,0,,0.209,0.286,0.297,0.583,0.263,,0.1,1,,-6.8,4,0.2,,999,13355
Luke Raley,TBR,28,119,106,24,4,1,4,14,14,7,35,5,2,1,,0.225,0.301,0.393,0.694,0.302,,0,1.1,,-0.7,-1,0.2,,601,19354
Josh VanMeter,PIT,21,91,80,18,5,1,3,10,11,10,23,1,2,1,,0.227,0.32,0.406,0.727,0.316,,-0.1,-0.2,,-0.4,-0.3,0.2,,600.1,15170
Charlie Culberson,TEX,26,112,103,25,5,1,3,11,11,6,27,1,2,0,,0.248,0.296,0.398,0.695,0.298,,0.2,-0.2,,-1.4,-0.2,0.2,,597.2,3298
Richie Palacios,CLE,11,49,43,12,3,0,1,7,4,5,9,1,2,0,,0.269,0.346,0.41,0.756,0.331,,0.2,-0.4,,0.7,-0.2,0.2,,600.8,sa3006908
Edward Olivares,KCR,24,105,96,25,4,1,3,12,11,6,21,2,3,1,,0.259,0.313,0.41,0.723,0.312,,0,-0.2,,-0.7,-0.7,0.2,,573.8,19698
Jack Mayfield,LAA,31,133,123,28,6,0,5,15,16,7,29,1,2,0,,0.23,0.278,0.403,0.681,0.292,,0.2,-0.3,,-2.6,0.3,0.2,,601,15402
Jose Siri,HOU,49,210,194,44,8,2,7,24,26,12,76,2,9,2,,0.224,0.274,0.387,0.661,0.285,,0.7,-1.2,,-4.1,-0.8,0.2,,582.5,17452
Clint Frazier,CHC,92,399,352,81,21,1,14,45,43,40,114,5,4,2,,0.231,0.317,0.414,0.732,0.318,,-0.4,-1.8,,-2.1,-8.9,0.2,,518.6,15983
Lewin Díaz,MIA,29,126,117,28,5,1,5,14,15,7,29,1,0,0,,0.242,0.288,0.432,0.721,0.305,,0,1.4,,-1.1,-0.9,0.2,,593.9,18365
Skye Bolt,OAK,16,70,63,14,3,0,2,8,7,6,20,0,1,0,,0.216,0.282,0.362,0.644,0.279,,0,1.6,,-1.8,1.5,0.2,,999,17723
Pedro Severino,MIL,63,250,225,52,9,1,6,21,29,21,62,2,1,0,,0.231,0.298,0.361,0.659,0.288,,-0.1,-3.6,,-7.4,1.2,0.2,,544.1,14523
Shed Long Jr.,BAL,28,119,108,25,5,1,4,14,13,10,33,0,2,1,,0.236,0.3,0.405,0.705,0.305,,0,-1,,-1.4,-0.6,0.2,,999,16542
Matt Beaty,SDP,53,231,207,52,11,1,5,29,30,17,39,6,2,1,,0.251,0.327,0.381,0.709,0.311,,-0.1,-1.7,,-0.9,-4.6,0.2,,586.8,17710
Andrew Velazquez,LAA,15,63,57,14,3,1,1,8,6,5,18,0,4,1,,0.238,0.296,0.384,0.681,0.295,,0.4,-0.1,,-0.7,0.6,0.2,,600.9,14196
Eli White,TEX,39,168,152,33,6,1,4,19,14,13,49,3,3,2,,0.216,0.289,0.357,0.646,0.284,,-0.2,0.9,,-4.5,0.7,0.2,,600.4,19346
Yoshi Tsutsugo,PIT,123,532,457,103,23,1,18,59,61,63,126,2,0,1,,0.225,0.32,0.401,0.72,0.313,,-0.9,-0.9,,-4,-11.7,0.2,,468.2,27459
Jamie Ritchie,PIT,11,45,39,10,2,0,0,6,3,5,8,1,0,0,,0.25,0.338,0.346,0.684,0.306,,-0.1,0.1,,-0.6,1,0.2,,999,sa829058
Geraldo Perdomo,ARI,31,133,116,26,4,1,2,15,9,13,29,2,3,2,,0.225,0.315,0.321,0.636,0.284,,-0.4,0.8,,-4.9,2.3,0.2,,597.5,22799
Nick Gordon,MIN,31,133,123,31,6,1,2,13,13,7,30,1,6,1,,0.252,0.298,0.37,0.667,0.29,,0.6,-0.5,,-2.3,-0.5,0.2,,591.5,16337
Nick Allen,OAK,31,133,122,28,6,1,2,16,12,8,28,1,3,2,,0.234,0.284,0.347,0.63,0.275,,-0.3,0.2,,-4.2,1.4,0.2,,999,sa3004723
Jarren Duran,BOS,39,168,155,39,7,2,4,19,14,10,43,2,8,2,,0.255,0.308,0.395,0.703,0.305,,0.5,-0.6,,-2,-2,0.2,,533.8,24617
Tyler Wade,LAA,62,266,239,53,10,2,3,34,16,22,67,2,15,5,,0.223,0.295,0.324,0.619,0.274,,0.8,0.1,,-8.7,1.4,0.2,,506.1,15730
Hoy Park,PIT,13,56,48,12,2,1,1,7,5,7,12,1,1,1,,0.241,0.338,0.381,0.719,0.315,,0,-0.1,,-0.3,0.2,0.2,,600.3,18027
Nolan Jones,CLE,13,56,49,11,2,0,2,7,5,6,19,1,1,0,,0.231,0.326,0.387,0.713,0.313,,0,0.3,,-0.1,-0.1,0.2,,598.8,sa917941
Eric Haase,DET,73,307,281,61,10,1,12,37,43,21,101,2,1,0,,0.218,0.276,0.388,0.664,0.286,,0.1,0.4,,-7.6,-1.1,0.2,,317.4,14111
Garrett Hampson,COL,60,259,237,59,11,3,6,34,20,18,63,1,11,3,,0.25,0.305,0.404,0.709,0.305,,0.6,-1,,-7.2,0.3,0.2,,354.8,19262
Matt Carpenter,TEX,31,133,112,23,6,0,4,15,14,18,38,2,1,0,,0.208,0.328,0.364,0.692,0.306,,0.1,-0.5,,-0.9,-2,0.2,,599,8090
Josh Jung,TEX,13,56,51,13,3,0,2,6,5,4,12,1,1,0,,0.263,0.322,0.444,0.767,0.328,,0,0.1,,0.6,-0.9,0.2,,547,sa3011468
Juan Yepez,STL,19,84,75,18,4,0,4,10,12,7,19,1,0,0,,0.239,0.31,0.449,0.759,0.324,,-0.2,0.1,,0.4,-1.6,0.2,,572.6,sa877505
Drew Ellis,ARI,28,119,104,22,6,0,3,13,12,12,34,2,0,1,,0.213,0.302,0.369,0.671,0.295,,-0.3,0.5,,-3.1,0.7,0.2,,999,19873
Adam Eaton,,24,105,92,22,4,1,2,15,8,9,22,2,2,0,,0.243,0.325,0.371,0.696,0.308,,0.1,0,,-0.8,-1.2,0.2,,999,11205
Jake Rogers,DET,8,32,28,6,1,0,1,4,4,3,11,0,0,0,,0.203,0.281,0.392,0.673,0.291,,0,0.4,,-0.7,1.1,0.2,,600.8,19452
Nomar Mazara,SDP,39,168,154,38,7,0,5,18,22,12,44,1,0,0,,0.246,0.302,0.402,0.703,0.303,,-0.2,-0.2,,-2,-2,0.1,,600.5,14553
Willi Castro,DET,16,70,64,16,3,1,2,8,6,3,16,1,2,1,,0.252,0.3,0.396,0.696,0.3,,0,-0.4,,-0.9,0,0.1,,579.7,17338
Mitch Moreland,,65,280,253,59,12,1,11,34,40,24,64,1,0,0,,0.234,0.302,0.423,0.725,0.31,,-0.2,-0.1,,-2.1,-5.9,0.1,,600.9,3086
Billy McKinney,OAK,29,126,112,24,6,1,4,14,12,12,33,1,1,0,,0.213,0.293,0.389,0.682,0.295,,-0.1,0.7,,-1.7,-1.2,0.1,,599.2,15654
Danny Mendick,CHW,13,56,50,12,2,0,1,6,5,5,12,1,1,1,,0.234,0.309,0.352,0.661,0.292,,-0.1,0.4,,-1.2,0.6,0.1,,999,18889
Eric Hosmer,SDP,120,518,472,121,22,1,13,52,65,39,104,4,4,4,,0.257,0.316,0.387,0.703,0.305,,-1.2,-0.6,,-5.9,-9.8,0.1,,503,3516
René Pinto,TBR,10,38,36,8,2,0,1,4,4,2,12,0,0,0,,0.215,0.266,0.348,0.614,0.267,,-0.1,0.6,,-1.4,1.4,0.1,,999,sa826668
Marwin Gonzalez,NYY,23,98,89,20,4,0,3,10,11,7,23,2,1,1,,0.229,0.296,0.359,0.655,0.287,,-0.2,0.2,,-2.5,0.5,0.1,,600.4,5497
Lars Nootbaar,STL,62,266,239,58,6,2,8,32,28,24,55,1,3,3,,0.244,0.314,0.386,0.7,0.303,,-0.9,1.2,,-3.6,-3.9,0.1,,585.2,21454
Michael Chavis,PIT,60,259,239,58,10,1,11,31,33,14,77,5,2,1,,0.243,0.295,0.437,0.733,0.314,,-0.3,-1.9,,-1.8,-5.5,0.1,,584.4,17321
Jake Marisnick,TEX,11,49,45,10,2,1,1,6,5,3,14,1,1,0,,0.229,0.29,0.398,0.688,0.297,,0,0.3,,-0.7,0.2,0.1,,999,11339
Max Schrock,CIN,16,70,64,17,3,0,2,8,7,5,13,0,1,0,,0.26,0.313,0.405,0.718,0.31,,0,0.4,,-1.1,0,0.1,,600.5,17750
William Contreras,ATL,8,32,29,7,1,0,1,4,4,3,9,0,0,0,,0.251,0.324,0.424,0.748,0.323,,0,-0.5,,-0.1,0.1,0.1,,594.4,20503
Harold Ramirez,TBR,40,175,165,44,10,1,4,18,20,7,32,3,1,1,,0.267,0.306,0.401,0.707,0.305,,-0.1,-0.8,,-0.7,-4.2,0.1,,591.2,14387
Luis Campusano,SDP,8,32,29,7,1,0,1,3,3,2,7,0,0,0,,0.242,0.306,0.403,0.709,0.307,,0,-0.4,,-0.2,0.2,0.1,,999,22217
Austin Romine,LAA,13,51,49,12,2,0,1,5,6,2,14,0,0,0,,0.244,0.273,0.381,0.654,0.281,,0,-0.1,,-1.6,0.9,0.1,,999,5491
Korey Lee,HOU,6,26,24,6,1,0,1,3,3,2,5,0,0,0,,0.245,0.292,0.377,0.67,0.29,,0,0.1,,-0.5,0.6,0.1,,999,sa3010034
Willians Astudillo,MIA,10,40,38,10,2,0,1,4,4,1,2,1,0,0,,0.274,0.3,0.411,0.711,0.304,,0,0.1,,-0.4,0,0.1,,600.3,15608
José Peraza,NYY,10,42,39,10,2,0,1,5,4,2,6,1,1,0,,0.251,0.298,0.382,0.68,0.294,,0,0,,-0.7,0.3,0.1,,600.8,13593
Jorge Alfaro,SDP,79,326,303,72,12,1,9,27,37,14,105,8,6,2,,0.239,0.291,0.369,0.66,0.287,,0.2,-3.2,,-7.6,-2.2,0.1,,449.8,12180
Jackie Bradley Jr.,BOS,104,448,401,88,23,3,10,52,43,34,125,9,8,2,,0.22,0.293,0.366,0.659,0.288,,0.4,2,,-12.7,-1.6,0.1,,589.3,12984
Nick Fortes,MIA,11,45,40,9,2,0,1,6,4,3,8,1,0,0,,0.226,0.295,0.358,0.653,0.285,,0,-0.3,,-1.1,0.5,0.1,,599,21538
Jacob Nottingham,BAL,16,64,57,11,3,0,2,7,8,4,23,2,1,0,,0.197,0.271,0.365,0.636,0.277,,0,-0.3,,-2.2,1,0.1,,600.5,16448
Jason Vosler,SFG,6,28,25,6,1,0,1,4,3,2,7,0,0,0,,0.232,0.308,0.399,0.707,0.306,,0,0.1,,-0.3,0.2,0.1,,999,16686
Matt Thaiss,LAA,8,33,29,7,1,0,1,4,4,3,8,0,0,0,,0.234,0.317,0.4,0.717,0.312,,0,-0.2,,-0.2,-0.1,0.1,,599.3,19318
Pablo Reyes,MIL,10,42,38,9,2,0,1,5,4,3,9,0,1,1,,0.23,0.292,0.373,0.665,0.288,,-0.1,0.5,,-1.3,0.8,0.1,,999,16357
Donovan Walton,SEA,5,21,19,5,1,0,1,3,2,2,3,0,0,0,,0.256,0.323,0.403,0.725,0.315,,-0.1,0,,0,0.1,0.1,,999,19314
Romy Gonzalez,CHW,8,35,32,7,1,0,1,4,4,2,11,0,1,0,,0.222,0.277,0.394,0.671,0.289,,0.1,0.1,,-0.7,0.3,0.1,,999,21562
Greg Bird,,29,126,110,24,5,0,5,15,15,12,33,1,0,0,,0.215,0.293,0.402,0.695,0.3,,-0.2,1,,-2.1,-1.3,0.1,,600.7,14131
José Godoy,MIN,8,32,29,7,1,0,0,4,3,2,6,0,0,0,,0.245,0.296,0.344,0.64,0.281,,0,0,,-0.9,0.7,0.1,,999,15808
Zack Short,DET,6,28,24,5,1,0,1,3,3,3,8,0,0,0,,0.204,0.31,0.376,0.686,0.301,,0,0,,-0.4,0.2,0.1,,999,19562
Taylor Jones,HOU,6,28,25,6,1,0,1,4,4,2,7,0,0,0,,0.248,0.319,0.42,0.739,0.318,,-0.1,0.2,,0.1,-0.3,0.1,,999,19533
Payton Henry,MIA,31,122,111,22,4,0,3,11,9,7,42,3,0,0,,0.2,0.265,0.312,0.577,0.255,,-0.2,0.6,,-6.3,3,0.1,,999,22164
Tres Barrera,WSN,11,45,40,9,2,0,1,5,4,4,10,1,0,0,,0.222,0.294,0.344,0.638,0.28,,-0.1,0.1,,-1.7,0.9,0.1,,999,19977
David Bote,CHC,26,112,99,22,4,1,3,12,15,11,27,2,1,1,,0.228,0.31,0.386,0.696,0.303,,-0.2,-0.8,,-2.1,-0.9,0.1,,600.3,14593
Rylan Bannon,BAL,8,35,31,7,1,0,1,4,4,3,8,0,1,0,,0.21,0.292,0.395,0.687,0.297,,0,0,,-0.6,0.1,0.1,,600.3,sa3004162
Shea Langeliers,OAK,3,13,12,3,0,0,1,1,1,1,3,0,0,0,,0.225,0.281,0.404,0.685,0.293,,0,0.2,,-0.2,0.5,0.1,,999,sa3010329
Kody Clemens,DET,10,42,38,9,2,0,1,4,5,3,10,0,0,0,,0.228,0.281,0.398,0.679,0.291,,0,0,,-0.9,0.2,0.1,,999,sa3008002
Jed Lowrie,OAK,110,476,427,101,25,0,12,49,63,43,102,2,0,0,,0.235,0.307,0.377,0.684,0.298,,-0.4,-2.2,,-5.3,-10.2,0.1,,585.9,4418
Danny Santana,,8,35,32,8,2,0,1,5,4,2,10,0,1,0,,0.247,0.297,0.456,0.753,0.319,,0,-0.1,,0,-0.5,0.1,,999,10322
Ryan Kreidler,DET,5,21,19,4,1,0,1,2,2,2,6,0,0,0,,0.234,0.295,0.376,0.67,0.291,,0,0.2,,-0.4,0.4,0.1,,999,sa3010587
Carlos Pérez,COL,5,19,18,4,1,0,1,2,3,1,3,0,0,0,,0.235,0.283,0.419,0.702,0.299,,0,0.3,,-0.7,0.7,0.1,,999,10642
Brian Goodwin,,52,224,199,44,10,1,7,26,25,22,64,1,3,1,,0.22,0.298,0.381,0.68,0.296,,-0.1,-1.8,,-4.4,-2.5,0.1,,600.6,12858
Mark Kolozsvary,CIN,11,45,39,7,2,0,1,4,4,4,16,2,0,0,,0.179,0.273,0.319,0.592,0.265,,-0.1,0.7,,-2.5,1.6,0.1,,999,sa3004996
Jake Burger,CHW,3,14,12,3,0,0,1,2,1,1,3,0,0,0,,0.252,0.325,0.419,0.743,0.323,,0,0,,0.1,0,0.1,,597.5,22275
Brandon Drury,CIN,10,42,39,9,2,0,1,4,5,3,10,0,0,0,,0.241,0.292,0.412,0.704,0.303,,0,0.1,,-1,0.1,0.1,,999,11615
Connor Wong,BOS,6,26,24,5,1,0,1,3,3,1,9,0,1,0,,0.226,0.274,0.402,0.676,0.29,,0,-0.1,,-0.7,0.4,0.1,,999,19896
Anthony Alford,PIT,76,329,295,68,15,2,9,40,37,28,115,5,12,7,,0.23,0.308,0.381,0.689,0.301,,-0.7,-0.5,,-5.9,-4.4,0.1,,577,14329
Alex Jackson,MIA,6,26,23,4,1,0,1,3,3,2,10,1,0,0,,0.181,0.268,0.366,0.634,0.275,,0,0,,-0.9,0.5,0.1,,999,17276
Rafael Marchan,PHI,10,38,35,8,1,0,1,5,3,3,7,0,0,0,,0.222,0.284,0.319,0.602,0.267,,-0.1,0.3,,-1.8,1.1,0.1,,999,21646
Drew Waters,ATL,3,14,13,3,1,0,0,1,1,1,4,0,1,0,,0.238,0.304,0.381,0.685,0.299,,0,0.2,,-0.3,0.3,0,,600.4,sa3004378
TJ Friedl,CIN,8,35,31,8,1,0,1,4,3,3,6,1,1,0,,0.248,0.329,0.388,0.716,0.314,,0,-0.2,,-0.5,-0.2,0,,600.8,19522
Clay Dungan,KCR,3,14,13,3,1,0,0,2,1,1,2,0,0,0,,0.266,0.314,0.36,0.674,0.296,,0,0.1,,-0.3,0.2,0,,999,sa1169803
Corey Dickerson,STL,65,280,261,68,14,2,6,30,25,16,50,2,3,2,,0.262,0.306,0.403,0.71,0.304,,-0.6,0.2,,-3.1,-5.6,0,,578.2,10762
Ryan O'Hearn,KCR,24,105,95,22,5,1,4,10,13,9,27,1,1,0,,0.228,0.296,0.413,0.709,0.303,,0,-0.1,,-1.4,-1.8,0,,599.9,16442
Sam Huff,TEX,3,13,12,3,0,0,0,1,1,1,4,0,0,0,,0.223,0.271,0.385,0.656,0.282,,0,0.1,,-0.4,0.4,0,,598.9,22209
Luis Barrera,OAK,10,42,38,9,2,1,0,5,3,3,9,0,1,0,,0.23,0.284,0.333,0.617,0.271,,0,0.5,,-1.4,0.4,0,,999,19615
Daz Cameron,DET,15,63,57,13,3,1,2,7,6,5,18,1,2,1,,0.225,0.299,0.379,0.677,0.296,,0.1,-0.3,,-1,-0.7,0,,600.4,18353
Ernie Clement,CLE,26,112,103,25,5,1,1,11,7,6,15,1,2,1,,0.241,0.284,0.328,0.611,0.268,,-0.3,1.3,,-4.8,1.4,0,,999,20352
Oswald Peraza,NYY,3,14,13,3,1,0,0,1,1,1,3,0,1,0,,0.246,0.295,0.376,0.671,0.292,,0,0,,-0.2,0.1,0,,600.2,sa3003305
Ali Sánchez,STL,8,32,30,7,1,0,0,3,2,2,6,0,0,0,,0.233,0.272,0.305,0.577,0.255,,-0.1,0.4,,-1.7,1,0,,999,18551
Kyle Garlick,MIN,5,21,20,5,1,0,1,3,3,1,6,0,0,0,,0.234,0.281,0.464,0.745,0.313,,0,-0.1,,0,-0.3,0,,999,18063
Brendan Donovan,STL,3,14,13,3,1,0,0,2,1,1,3,0,0,0,,0.245,0.313,0.357,0.67,0.295,,0,0.1,,-0.2,0.1,0,,600.5,sa3006675
Ender Inciarte,NYY,6,28,25,6,1,0,0,3,2,2,5,0,1,0,,0.233,0.3,0.324,0.624,0.276,,0,0.2,,-0.9,0.3,0,,600,4922
Rodolfo Castro,PIT,5,21,19,4,1,0,1,2,3,1,5,0,0,0,,0.222,0.267,0.4,0.668,0.285,,0,0.2,,-0.7,0.3,0,,999,21987
Jonathan Araúz,BOS,3,14,13,3,1,0,0,2,1,1,3,0,0,0,,0.234,0.298,0.37,0.668,0.292,,0,0.1,,-0.4,0.2,0,,999,20275
Zack Collins,TOR,13,52,44,9,2,0,2,6,6,7,18,0,0,0,,0.195,0.311,0.358,0.669,0.296,,0,-1,,-1.1,-0.3,0,,599.7,19181
Jose Rojas,LAA,31,133,122,28,6,1,5,17,15,10,31,0,1,1,,0.229,0.287,0.403,0.689,0.296,,0,-0.6,,-2.4,-1.8,0,,600.4,19331
Alex De Goti,HOU,3,14,13,3,1,0,0,2,1,1,4,0,0,0,,0.22,0.284,0.332,0.615,0.271,,0,0.3,,-0.5,0.4,0,,999,19477
Mason Martin,PIT,31,133,120,25,6,1,6,15,19,9,47,2,0,1,,0.208,0.273,0.42,0.692,0.295,,-0.2,1.4,,-3,-1,0,,591.7,sa3004885
Rob Refsnyder,BOS,6,28,25,6,1,0,1,3,3,3,7,0,0,0,,0.253,0.325,0.392,0.717,0.312,,0,0,,-0.3,-0.3,0,,999,13770
Meibrys Viloria,TEX,3,13,11,3,0,0,0,1,1,1,4,0,0,0,,0.218,0.29,0.339,0.629,0.278,,0,0.1,,-0.4,0.3,0,,999,17109
Roman Quinn,MIA,8,35,31,7,1,0,0,4,2,3,10,1,2,1,,0.217,0.294,0.326,0.619,0.276,,0.2,0,,-1,0.1,0,,999,13546
Zach Reks,TEX,5,21,19,4,1,0,1,3,2,2,6,0,0,0,,0.234,0.311,0.402,0.713,0.311,,0,-0.1,,-0.1,-0.3,0,,999,19667
Jake Cave,MIN,11,49,45,11,2,0,1,6,5,3,15,1,0,0,,0.245,0.305,0.406,0.711,0.307,,-0.1,-0.5,,-0.5,-0.9,0,,999,14477
Travis Shaw,BOS,16,70,61,13,3,0,3,7,9,8,18,1,0,0,,0.222,0.315,0.396,0.71,0.31,,-0.1,0,,-0.9,-1.2,0,,600.8,11982
Ryan McKenna,BAL,10,42,37,8,2,0,1,5,4,4,13,0,1,1,,0.224,0.305,0.381,0.686,0.299,,-0.1,0,,-0.8,-0.4,0,,999,19928
Jonathan Aranda,TBR,6,28,25,6,1,0,1,3,3,2,7,0,0,0,,0.235,0.305,0.363,0.668,0.293,,0,0.2,,-0.4,-0.3,0,,999,sa919293
Jhonny Pereda,SFG,3,13,11,3,0,0,0,1,1,1,2,0,0,0,,0.225,0.294,0.312,0.606,0.269,,0,0.1,,-0.5,0.3,0,,999,sa735866
Tony Wolters,LAD,3,13,11,2,0,0,0,1,1,1,3,0,0,0,,0.219,0.299,0.306,0.605,0.27,,0,0.1,,-0.5,0.4,0,,999,11470
Travis Demeritte,ATL,3,14,12,3,1,0,1,2,2,1,5,0,0,0,,0.228,0.307,0.438,0.745,0.319,,0,0,,-0.1,-0.2,0,,999,15958
Kyle Stowers,BAL,3,14,13,3,1,0,1,2,2,1,5,0,0,0,,0.233,0.304,0.43,0.734,0.315,,0,-0.1,,0,-0.2,0,,999,sa1115829
Nick Ciuffo,CHW,3,13,12,2,0,0,0,1,1,1,4,0,0,0,,0.199,0.253,0.326,0.579,0.253,,0,0.2,,-0.7,0.4,0,,999,16291
Taylor Trammell,SEA,8,35,31,6,1,0,1,4,4,3,11,0,1,0,,0.2,0.287,0.35,0.637,0.281,,-0.1,0.2,,-0.9,-0.1,0,,600.9,19960
Mario Feliciano,MIL,5,19,18,4,1,0,1,2,2,1,6,0,0,0,,0.22,0.266,0.375,0.641,0.275,,0,0,,-0.8,0.4,0,,600.8,20263
Anthony Bemboom,BAL,3,13,11,2,0,0,0,1,1,1,3,0,0,0,,0.203,0.272,0.338,0.61,0.268,,0,0.1,,-0.6,0.3,0,,999,13854
Dalton Kelly,OAK,5,21,18,4,1,0,1,2,2,2,6,0,1,0,,0.212,0.297,0.355,0.652,0.287,,0,0.2,,-0.4,-0.1,0,,999,sa876363
Eric Sogard,,23,98,89,22,4,0,1,10,7,7,15,0,2,0,,0.243,0.297,0.335,0.631,0.275,,0.1,0,,-3.4,0.3,0,,999,7927
Travis Jankowski,NYM,6,28,25,6,1,0,0,3,1,3,6,0,1,0,,0.232,0.321,0.3,0.621,0.28,,0,-0.1,,-0.8,0,0,,999,13768
Jaylin Davis,SFG,3,14,13,3,1,0,1,2,2,1,4,0,0,0,,0.221,0.291,0.396,0.687,0.297,,0,0.1,,-0.2,-0.1,0,,999,19552
Kevin Padlo,SEA,2,7,6,1,0,0,0,1,1,1,2,0,0,0,,0.197,0.275,0.361,0.637,0.277,,0,0.1,,-0.2,0.1,0,,600.3,16593
Gosuke Katoh,TOR,21,91,82,19,4,0,2,10,7,8,24,0,2,1,,0.228,0.301,0.347,0.648,0.286,,-0.1,0.1,,-2.8,-0.1,0,,999,sa737619
Zach McKinstry,LAD,2,7,6,1,0,0,0,1,1,1,2,0,0,0,,0.235,0.297,0.413,0.709,0.305,,0,0,,-0.1,0,0,,599.2,19392
Yolbert Sanchez,CHW,2,7,7,2,0,0,0,1,1,0,1,0,0,0,,0.276,0.304,0.371,0.675,0.293,,0,0,,-0.1,0,0,,999,sa3011471
Alejo Lopez,CIN,2,7,6,2,0,0,0,1,1,0,1,0,0,0,,0.274,0.332,0.357,0.689,0.304,,0,0.1,,-0.2,0.1,0,,999,21127
Lewis Brinson,HOU,23,98,91,20,4,0,3,9,12,6,28,1,1,0,,0.215,0.268,0.356,0.624,0.271,,0,0.3,,-3.4,0.2,0,,600.9,14352
Ivan Castillo,KCR,2,7,7,2,0,0,0,1,1,0,1,0,0,0,,0.264,0.299,0.362,0.661,0.286,,0,0.1,,-0.2,0.1,0,,999,15971
Mark Vientos,NYM,2,7,6,1,0,0,0,1,1,0,2,0,0,0,,0.227,0.277,0.42,0.697,0.297,,0,0,,-0.1,0,0,,999,sa3004720
Jahmai Jones,BAL,10,42,38,9,1,0,1,4,4,3,11,0,1,0,,0.225,0.288,0.372,0.66,0.287,,-0.1,-0.3,,-1.2,-0.1,0,,601,18872
Otto Lopez,TOR,3,14,13,3,1,0,0,2,1,1,3,0,0,0,,0.253,0.302,0.368,0.67,0.291,,0,0,,-0.3,0,0,,999,19608
Alan Trejo,COL,21,91,84,20,4,0,3,10,10,4,23,1,0,1,,0.233,0.275,0.385,0.659,0.283,,-0.3,1.2,,-4.7,1.9,0,,999,20056
Lucius Fox,WSN,16,70,62,13,3,1,1,8,5,7,19,1,4,1,,0.209,0.295,0.332,0.627,0.279,,0.3,-0.4,,-2.3,0.1,0,,999,sa914200
Vimael Machín,OAK,3,14,12,3,1,0,0,2,1,1,3,0,0,0,,0.226,0.309,0.332,0.642,0.283,,0,-0.1,,-0.3,0,0,,999,17684
Andrew Knapp,,5,19,16,4,1,0,0,2,2,3,6,0,0,0,,0.218,0.329,0.345,0.674,0.3,,0,-0.4,,-0.5,0,0,,600.9,14942
Tucupita Marcano,PIT,3,14,13,3,0,0,0,2,1,1,2,0,0,0,,0.237,0.304,0.322,0.626,0.278,,0,0.1,,-0.5,0.2,0,,600.6,22871
P.J. Higgins,CHC,2,6,6,1,0,0,0,1,1,1,1,0,0,0,,0.233,0.299,0.333,0.633,0.28,,0,0,,-0.2,0.1,0,,999,18433
Tyler White,MIL,2,7,6,1,0,0,0,1,1,1,1,0,0,0,,0.24,0.338,0.395,0.733,0.322,,0,0,,0,-0.1,0,,999,15564
Franchy Cordero,BOS,3,14,13,3,1,0,0,2,2,1,4,0,0,0,,0.237,0.304,0.404,0.708,0.306,,0,0,,-0.2,-0.2,0,,999,14567
Colton Welker,COL,37,161,146,36,8,1,5,18,18,11,36,1,1,1,,0.25,0.303,0.411,0.714,0.306,,-0.2,0.7,,-5,-0.2,0,,599.9,19961
Estevan Florial,NYY,8,35,31,6,1,0,1,4,3,3,12,0,1,1,,0.205,0.277,0.358,0.636,0.278,,-0.1,0,,-1.2,0.1,0,,600.9,19151
Miguel Andújar,NYY,10,42,39,10,2,0,2,5,5,2,7,0,0,0,,0.266,0.299,0.443,0.741,0.315,,-0.1,-0.6,,-0.1,-1.2,0,,598.2,15878
Jonathan Davis,MIL,3,14,12,2,0,0,0,2,1,1,4,0,0,0,,0.203,0.296,0.334,0.63,0.282,,0,0,,-0.5,0.1,0,,999,15104
Patrick Mazeika,NYM,6,26,23,5,1,0,1,3,3,2,5,0,0,0,,0.217,0.278,0.348,0.627,0.273,,0,-0.4,,-0.8,0.1,0,,999,18142
Edwin Ríos,LAD,32,140,126,27,6,1,7,17,21,10,52,2,0,1,,0.214,0.28,0.448,0.728,0.308,,-0.3,-0.8,,-1.4,-3.2,0,,584.2,18316
Chadwick Tromp,ATL,2,6,6,1,0,0,0,1,1,0,2,0,0,0,,0.215,0.269,0.378,0.647,0.279,,0,0,,-0.3,0.1,0,,999,16953
Shogo Akiyama,CIN,5,21,19,5,1,0,0,2,2,2,4,0,0,0,,0.26,0.324,0.38,0.704,0.308,,-0.1,-0.1,,-0.5,-0.2,0,,600.8,27461
Sebastian Rivero,KCR,3,13,12,3,1,0,0,1,1,1,3,0,0,0,,0.216,0.268,0.323,0.591,0.258,,0,0,,-0.7,0.3,0,,999,21735
Travis Blankenhorn,NYM,2,7,6,1,0,0,0,1,1,0,2,0,0,0,,0.227,0.279,0.378,0.657,0.284,,0,0,,-0.2,0,0,,999,18395
Ronald Torreyes,PHI,5,21,19,5,1,0,0,2,2,1,3,0,0,0,,0.244,0.285,0.355,0.64,0.277,,0,0.1,,-0.8,0.2,0,,600.9,11400
Adam Haseley,CHW,5,21,19,5,1,0,0,2,2,1,5,0,0,0,,0.242,0.301,0.37,0.671,0.292,,0,-0.2,,-0.4,-0.3,0,,600.9,19878
Ehire Adrianza,WSN,58,252,224,54,12,2,4,33,25,20,51,3,1,1,,0.241,0.309,0.377,0.686,0.297,,-0.4,-2.2,,-6,-2.3,0,,999,8418
Luke Williams,SFG,5,21,19,4,1,0,0,2,2,2,5,0,1,0,,0.215,0.281,0.323,0.604,0.266,,0,0.2,,-0.9,0.2,0,,999,19931
Donny Sands,PHI,3,13,12,3,1,0,0,1,1,1,3,0,0,0,,0.231,0.28,0.383,0.664,0.287,,0,-0.2,,-0.4,0,0,,999,sa875201
Tim Lopes,COL,2,7,6,2,0,0,0,1,1,0,2,0,0,0,,0.257,0.308,0.403,0.711,0.307,,0,0,,-0.2,0,0,,999,14137
Steven Souza Jr.,SEA,2,7,6,1,0,0,0,1,1,1,2,0,0,0,,0.197,0.283,0.357,0.64,0.28,,0,0,,-0.2,-0.1,0,,999,5667
Cody Thomas,OAK,3,14,13,3,1,0,0,1,2,1,5,0,0,0,,0.197,0.261,0.374,0.636,0.274,,0,0.1,,-0.4,0,0,,999,sa738459
Domingo Leyba,SDP,0,0,0,0,0,0,0,0,0,0,0,0,0,0,,0,0,0,0,0,,0,0,,0,0,0,,999,16404
Jose Lobaton,,0,0,0,0,0,0,0,0,0,0,0,0,0,0,,0,0,0,0,0,,0,0,,0,0,0,,999,4243
Stuart Fairchild,ARI,3,14,13,3,1,0,0,1,1,1,4,0,0,0,,0.22,0.294,0.349,0.643,0.283,,0,0,,-0.5,0,0,,999,20321
Harold Castro,DET,34,147,138,38,5,1,2,14,14,5,31,0,1,1,,0.275,0.299,0.358,0.657,0.285,,-0.4,-1.3,,-4.2,-0.8,0,,600.2,14691
Albert Almora Jr.,CIN,3,14,13,3,1,0,0,2,1,1,3,0,0,0,,0.239,0.284,0.381,0.664,0.285,,0,0,,-0.6,0.1,0,,999,14109
Tim Beckham,MIN,6,28,26,6,2,0,1,3,4,2,7,0,0,0,,0.235,0.286,0.42,0.706,0.303,,0,-0.8,,-0.4,-0.6,0,,999,7949
Corey Ray,MIL,3,14,13,2,1,0,0,1,1,1,5,0,0,0,,0.193,0.264,0.35,0.615,0.267,,0,0.1,,-0.6,0.1,0,,999,19170
Khalil Lee,NYM,3,14,12,2,1,0,0,1,1,1,5,0,0,0,,0.204,0.306,0.337,0.644,0.289,,0,-0.1,,-0.3,-0.2,0,,596.7,19952
Trayce Thompson,SDP,3,14,13,2,0,0,1,2,2,1,5,0,0,0,,0.19,0.27,0.371,0.642,0.28,,0,-0.1,,-0.4,-0.1,0,,999,9952
Buddy Reed,OAK,2,7,6,1,0,0,0,1,1,1,3,0,0,0,,0.19,0.256,0.304,0.56,0.246,,0,0,,-0.4,0.1,0,,999,sa738683
Gilberto Celestino,MIN,6,28,26,6,1,0,1,3,2,2,6,0,0,0,,0.234,0.297,0.355,0.652,0.286,,0,-0.3,,-0.7,-0.3,0,,999,20233
Jonah Bride,OAK,8,35,31,7,1,0,1,4,3,3,8,1,0,0,,0.216,0.295,0.332,0.628,0.279,,0,0.3,,-0.9,-0.4,0,,999,sa3007516
Derek Hill,DET,16,70,65,15,2,1,1,8,6,4,22,1,2,1,,0.235,0.287,0.348,0.635,0.278,,-0.1,-0.3,,-2.4,-0.1,0,,999,16947
David Dahl,MIL,3,14,13,3,1,0,0,2,2,1,4,0,0,0,,0.241,0.287,0.399,0.686,0.295,,0,-0.1,,-0.3,-0.2,0,,600,13744
Andrew Stevenson,WSN,3,14,13,3,1,0,0,2,1,1,4,0,0,0,,0.249,0.304,0.383,0.687,0.298,,0,-0.1,,-0.3,-0.3,0,,597.8,17932
Micker Adolfo,CHW,3,14,13,3,1,0,1,2,2,1,5,0,0,0,,0.21,0.272,0.402,0.674,0.289,,0,-0.1,,-0.3,-0.3,0,,999,sa830303
Seby Zavala,CHW,6,26,23,4,1,0,1,3,3,2,10,0,0,0,,0.188,0.246,0.35,0.596,0.258,,0,-0.2,,-1.3,0.3,0,,598.5,18887
Juan Lagares,,23,98,92,23,5,1,2,11,9,5,23,0,1,1,,0.253,0.289,0.372,0.661,0.285,,-0.2,0.2,,-3,-0.5,0,,999,5384
Billy Hamilton,SEA,6,28,26,5,1,0,0,3,1,2,8,0,2,0,,0.201,0.253,0.284,0.536,0.237,,0.2,0.3,,-1.5,0.4,0,,600.3,10199
Evan White,SEA,5,21,19,4,1,0,1,2,3,1,6,0,0,0,,0.212,0.264,0.377,0.641,0.276,,0,0.1,,-0.6,-0.3,0,,600.9,20078
Gerardo Parra,WSN,5,21,19,4,1,0,0,2,2,1,5,0,0,0,,0.234,0.294,0.353,0.647,0.283,,-0.1,0.1,,-0.8,-0.1,0,,999,8553
Anderson Tejeda,,2,7,7,1,0,0,0,1,1,0,3,0,0,0,,0.17,0.221,0.296,0.516,0.226,,0,0,,-0.5,0.1,0,,999,19909
Nick Maton,PHI,11,49,44,9,2,0,1,5,5,4,14,0,1,0,,0.21,0.286,0.335,0.621,0.273,,-0.1,0,,-2.1,0.3,0,,999,21635
Dexter Fowler,TOR,13,56,48,11,2,0,2,6,6,6,15,1,1,0,,0.218,0.316,0.359,0.675,0.299,,-0.1,-0.5,,-1.1,-1,0,,999,4062
Yonathan Daza,COL,34,147,136,38,7,1,2,14,12,8,25,1,2,1,,0.276,0.319,0.381,0.699,0.305,,-0.3,0.6,,-4.8,-0.3,0,,600.1,15794
Alfonso Rivas,CHC,23,98,87,21,4,0,1,12,8,9,24,1,0,0,,0.244,0.323,0.341,0.664,0.295,,-0.2,0.7,,-2.5,-1,0,,999,21560
Grayson Greiner,ARI,6,26,23,5,1,0,1,2,2,2,9,0,0,0,,0.202,0.269,0.309,0.579,0.257,,0,-0.2,,-1.4,0.3,0,,999,17062
Jordy Mercer,,21,91,85,21,5,0,2,8,7,5,20,1,0,0,,0.244,0.295,0.363,0.658,0.286,,-0.1,-1.4,,-2.5,-0.8,0,,999,6547
Emmanuel Rivera,KCR,21,91,84,21,4,0,2,10,9,5,18,1,1,0,,0.246,0.288,0.372,0.661,0.285,,0,0.1,,-2.6,-0.8,0,,999,19890
Phil Gosselin,ATL,6,28,26,6,1,0,0,3,3,2,6,0,0,0,,0.237,0.293,0.347,0.64,0.281,,-0.1,0,,-1.1,-0.2,0,,597.9,10953
Trevor Larnach,MIN,36,154,137,30,6,0,5,15,15,13,50,3,1,0,,0.223,0.302,0.373,0.676,0.295,,0,-0.8,,-2.7,-3,0,,582.7,21501
Josh Palacios,TOR,6,28,25,5,1,0,0,3,2,2,8,0,1,0,,0.211,0.286,0.316,0.602,0.267,,-0.1,0.1,,-1.3,0,0,,999,19818
Justin Upton,LAA,60,259,227,49,7,0,12,32,35,26,78,3,2,1,,0.216,0.302,0.407,0.708,0.307,,-0.1,-1.5,,-2.6,-6.5,0,,567.9,5222
Wilmer Difo,ARI,26,112,102,25,4,1,2,12,9,9,24,0,1,1,,0.241,0.301,0.342,0.643,0.282,,-0.1,-0.2,,-4.1,-0.1,0,,999,14320
Maikel Franco,WSN,66,287,265,63,15,0,9,25,36,18,43,1,0,0,,0.237,0.285,0.392,0.678,0.288,,-0.2,-2,,-8.7,-1.4,-0.1,,585.4,12179
Richie Martin,BAL,28,119,108,23,4,1,2,10,8,7,30,2,3,2,,0.217,0.282,0.322,0.603,0.268,,-0.3,-0.6,,-5.4,0.7,-0.1,,999,17736
Kurt Suzuki,LAA,42,166,148,34,6,0,4,13,14,9,29,6,0,0,,0.227,0.294,0.343,0.637,0.281,,-0.1,-4.6,,-5,-1.4,-0.1,,598.3,8259
Drew Butera,,5,19,17,3,1,0,0,1,1,1,6,0,0,0,,0.155,0.231,0.252,0.483,0.219,,0,-0.2,,-1.6,0.2,-0.1,,999,3411
Ryan Vilade,COL,16,70,64,16,3,1,1,7,5,4,13,0,1,1,,0.257,0.305,0.376,0.68,0.295,,0,0.3,,-2.8,-0.4,-0.1,,600.5,22165
Khris Davis,,26,112,101,22,4,0,5,13,16,9,31,1,0,0,,0.22,0.29,0.409,0.699,0.3,,-0.1,0,,-1.8,-2.8,-0.1,,999,9112
Donovan Casey,WSN,8,35,32,7,1,0,1,4,3,2,12,0,1,0,,0.214,0.265,0.351,0.616,0.268,,0.1,-0.2,,-1.6,-0.5,-0.1,,999,sa915654
Guillermo Heredia,ATL,39,168,148,33,10,0,3,20,13,15,39,4,1,1,,0.223,0.31,0.355,0.665,0.293,,-0.2,-0.8,,-4.7,-1.7,-0.1,,999,18721
Heliot Ramos,SFG,24,105,97,22,4,0,3,12,9,7,31,1,2,1,,0.231,0.285,0.367,0.652,0.284,,0,-1.6,,-2.8,-1.5,-0.1,,999,sa3004693
Keston Hiura,MIL,66,287,256,58,12,1,11,34,35,22,97,7,5,2,,0.227,0.303,0.414,0.717,0.31,,-0.3,-1.6,,-3.5,-7,-0.1,,400.8,20003
Jake McCarthy,ARI,83,357,323,72,15,5,8,40,32,29,101,3,22,5,,0.223,0.292,0.373,0.665,0.29,,1.9,-1.6,,-8.3,-4.5,-0.1,,601,21622
Joe Panik,,37,161,146,35,6,0,2,15,12,13,20,1,1,0,,0.239,0.304,0.325,0.629,0.277,,-0.1,-1.5,,-5.6,-0.9,-0.1,,999,11936
Jarrod Dyson,,21,91,83,17,3,1,1,11,6,7,20,0,6,2,,0.204,0.264,0.282,0.546,0.244,,0.3,0.6,,-5.4,1,-0.1,,999,4866
Mickey Moniak,PHI,34,147,133,29,5,2,4,16,17,9,42,1,2,1,,0.217,0.271,0.391,0.662,0.281,,0,-0.7,,-5.2,-1.1,-0.1,,597.8,19956
Jake Lamb,LAD,36,154,134,27,6,1,5,18,20,17,44,2,0,1,,0.199,0.293,0.365,0.658,0.289,,-0.4,-1,,-3.9,-2.7,-0.2,,999,13329
Alcides Escobar,WSN,110,476,440,108,22,1,7,55,40,24,85,7,4,1,,0.246,0.293,0.346,0.639,0.28,,0,-4.9,,-17.3,0,-0.2,,590.3,6310
Matt Joyce,PHI,19,84,71,14,2,0,2,9,9,11,21,1,0,0,,0.204,0.308,0.31,0.618,0.276,,-0.1,-0.8,,-3,-1.7,-0.2,,999,3353
Eric Thames,OAK,28,119,107,22,5,0,3,12,11,9,33,1,1,0,,0.211,0.281,0.343,0.624,0.273,,0,0,,-3.7,-2.6,-0.2,,593.7,3711
Albert Pujols,STL,53,231,215,51,6,0,9,21,39,11,36,3,1,0,,0.236,0.281,0.395,0.676,0.287,,0.1,-0.1,,-5.2,-5.7,-0.3,,592.1,1177
Dee Strange-Gordon,WSN,32,140,132,34,4,2,2,13,10,4,19,1,4,2,,0.257,0.285,0.352,0.637,0.276,,-0.1,-1.9,,-5.7,-2.6,-0.4,,600.4,8203
Yusniel Diaz,BAL,28,119,108,22,4,1,3,12,12,9,36,1,1,1,,0.199,0.266,0.333,0.6,0.264,,-0.6,-0.5,,-6,-1.8,-0.4,,999,sa912848
Miguel Cabrera,DET,122,525,475,118,13,0,16,47,70,38,118,4,0,0,,0.248,0.304,0.374,0.678,0.295,,-0.4,-0.7,,-10.1,-12.8,-0.5,,554.7,1744
Stephen Vogt,OAK,81,339,302,59,14,1,9,32,36,33,85,0,0,0,,0.195,0.272,0.338,0.61,0.266,,-0.2,-2,,-12.7,-4,-0.5,,600.5,5000
