Name,Team,GS,G,IP,W,L,SV,HLD,H,ER,HR,SO,BB,WHIP,K/9,BB/9,ERA,FIP,-1,WAR,RA9-WAR,-1,ADP,playerid
Gerrit Cole,NYY,32,32,197,17,8,0,0,149,62,23,268,51,1.02,12.26,2.32,2.82,2.77,,6.3,6.5,,7,13125
Zack Wheeler,PHI,31,31,197,14,7,0,0,172,71,17,206,47,1.11,9.41,2.15,3.23,3.06,,5.6,5.2,,35.1,10310
Corbin Burnes,MIL,29,29,174,12,6,0,0,129,53,14,227,53,1.05,11.77,2.77,2.77,2.7,,5.4,5.8,,10.1,19361
Shane Bieber,CLE,31,31,186,13,7,0,0,157,64,23,241,44,1.08,11.65,2.14,3.11,2.97,,5.2,5.6,,31,19427
Brandon Woodruff,MIL,31,31,179,12,7,0,0,143,61,18,212,45,1.05,10.67,2.28,3.08,3.01,,4.9,5.1,,19.6,16162
Lucas Giolito,CHW,32,32,188,14,9,0,0,146,70,25,234,59,1.09,11.2,2.84,3.36,3.41,,4.8,4.7,,39.5,15474
Max Scherzer,NYM,31,31,186,13,8,0,0,141,64,26,254,47,1.01,12.28,2.29,3.08,3.19,,4.7,4.7,,18.8,3137
Aaron Nola,PHI,32,32,187,12,7,0,0,156,72,24,220,52,1.11,10.58,2.49,3.46,3.47,,4.5,4.4,,42.4,16149
Walker Buehler,LAD,32,32,192,12,6,0,0,155,69,23,208,47,1.05,9.74,2.19,3.23,3.41,,4.5,4.7,,16.9,19374
Logan Webb,SFG,31,31,168,11,6,0,0,148,56,12,175,43,1.14,9.4,2.33,3.03,2.94,,4.3,4.7,,67.1,17995
Jacob deGrom,NYM,19,19,115,8,3,0,0,77,29,11,162,26,0.89,12.67,2.01,2.28,2.29,,4.3,4.3,,48,10954
Eduardo Rodriguez,DET,32,32,178,13,10,0,0,164,69,19,191,54,1.23,9.63,2.74,3.47,3.39,,4.2,4.4,,143.1,13164
Nathan Eovaldi,BOS,31,31,174,12,7,0,0,168,72,20,187,42,1.21,9.68,2.16,3.73,3.37,,4.1,4.1,,127.6,9132
Max Fried,ATL,31,31,180,16,8,0,0,158,65,17,174,43,1.12,8.7,2.16,3.24,3.32,,4.1,4.8,,67.8,13743
Sandy Alcantara,MIA,32,32,197,13,9,0,0,169,75,18,196,59,1.16,8.98,2.69,3.43,3.41,,4.1,4.3,,42.5,18684
Julio Urías,LAD,31,31,174,14,7,0,0,149,64,21,179,39,1.08,9.27,1.99,3.29,3.44,,4,4.2,,32.1,14765
Germán Márquez,COL,32,32,187,14,9,0,0,183,86,23,190,58,1.29,9.14,2.8,4.15,3.74,,3.9,3.8,,265.2,15038
Robbie Ray,SEA,32,32,193,12,8,0,0,148,74,31,252,59,1.07,11.77,2.75,3.46,3.65,,3.8,4.4,,48.1,11486
Luis Castillo,CIN,29,29,170,14,8,0,0,149,67,17,183,62,1.24,9.73,3.29,3.54,3.54,,3.8,4.2,,130.3,15689
Freddy Peralta,MIL,29,29,155,11,7,0,0,112,62,20,215,66,1.15,12.46,3.84,3.59,3.48,,3.8,3.4,,52,18679
Kevin Gausman,TOR,32,32,184,12,8,0,0,162,74,25,198,45,1.12,9.67,2.19,3.61,3.58,,3.7,4.5,,71.4,14107
Carlos Rodón,SFG,29,29,154,14,8,0,0,125,58,17,193,54,1.16,11.27,3.16,3.41,3.29,,3.6,3.5,,97.1,16137
Noah Syndergaard,LAA,28,28,160,9,7,0,0,158,70,21,154,40,1.24,8.63,2.26,3.93,3.79,,3.6,3,,195.7,11762
Justin Verlander,HOU,29,29,185,15,8,0,0,142,70,34,228,37,0.97,11.1,1.79,3.39,3.81,,3.4,4.5,,81.8,8700
Ranger Suárez,PHI,28,28,172,12,8,0,0,155,73,17,160,57,1.24,8.38,3,3.79,3.73,,3.4,3.3,,178.9,17277
Joe Musgrove,SDP,31,31,175,12,8,0,0,150,68,22,194,47,1.12,9.96,2.41,3.51,3.65,,3.4,3.6,,68.7,12970
Frankie Montas,OAK,31,31,175,12,9,0,0,157,69,23,191,51,1.19,9.83,2.64,3.54,3.65,,3.3,3.8,,91.2,14309
Charlie Morton,ATL,29,29,160,12,6,0,0,133,61,17,181,54,1.17,10.17,3.06,3.44,3.53,,3.3,3.9,,89.7,4676
José Berríos,TOR,32,32,194,14,8,0,0,175,83,27,200,50,1.16,9.28,2.33,3.84,3.9,,3.2,4.1,,76.6,14168
Dylan Cease,CHW,31,31,156,12,8,0,0,131,67,19,196,73,1.31,11.31,4.21,3.88,3.81,,3.2,2.9,,79,18525
Marcus Stroman,CHC,32,32,178,14,9,0,0,170,71,20,155,49,1.24,7.84,2.49,3.6,3.78,,3.2,3.9,,187.1,13431
Tyler Mahle,CIN,31,31,161,11,8,0,0,149,73,22,181,59,1.29,10.09,3.27,4.08,3.95,,3.1,2.9,,132.6,16358
Clayton Kershaw,LAD,26,26,147,12,7,0,0,125,55,23,165,30,1.06,10.08,1.86,3.38,3.59,,3.1,3.4,,135.1,2036
Shohei Ohtani,LAA,28,28,146,8,5,0,0,121,59,17,173,55,1.2,10.64,3.39,3.63,3.64,,3.1,3.3,,8.4,19755
Sean Manaea,SDP,31,31,172,12,9,0,0,164,70,24,173,38,1.18,9.04,2.01,3.68,3.82,,3.1,3.2,,133.7,15873
Jordan Montgomery,NYY,29,29,152,8,5,0,0,144,65,22,160,42,1.23,9.49,2.5,3.85,3.79,,3,3,,207.5,16511
Sonny Gray,MIN,29,29,153,11,8,0,0,125,59,15,159,59,1.21,9.36,3.5,3.5,3.67,,3,3.6,,156.3,12768
Luis Severino,NYY,24,30,143,12,7,0,1,130,58,18,155,40,1.19,9.74,2.51,3.62,3.54,,3,3,,177.4,15890
Trevor Rogers,MIA,28,28,139,10,7,0,0,117,52,15,163,48,1.19,10.6,3.13,3.38,3.37,,2.9,3,,89.4,22286
Ryan Yarbrough,TBR,24,24,182,11,9,0,0,181,81,22,144,37,1.2,7.09,1.85,4.01,4,,2.9,2.7,,545.6,16502
Antonio Senzatela,COL,31,31,168,9,7,0,0,185,81,19,126,45,1.37,6.76,2.41,4.35,4.07,,2.9,3.1,,587.8,15488
Hyun Jin Ryu,TOR,29,29,163,13,9,0,0,160,67,22,138,32,1.18,7.61,1.78,3.69,3.83,,2.8,3.9,,209.6,14444
Yu Darvish,SDP,29,29,162,10,8,0,0,140,70,24,183,49,1.17,10.16,2.74,3.87,3.88,,2.7,2.6,,94.5,13074
Stephen Strasburg,WSN,23,23,131,10,7,0,0,112,53,16,146,43,1.19,10.07,2.97,3.67,3.66,,2.7,2.8,,335.5,10131
Luis Garcia,HOU,29,29,152,11,8,0,0,137,66,22,165,50,1.23,9.79,2.98,3.89,3.91,,2.7,2.8,,136.8,23735
Pablo López,MIA,29,29,143,9,8,0,0,132,58,16,143,35,1.17,9,2.23,3.66,3.62,,2.7,2.6,,137.2,17085
Ian Anderson,ATL,29,29,145,9,5,0,0,123,60,16,155,64,1.28,9.6,3.93,3.74,3.85,,2.6,2.9,,149.7,19951
Zach Eflin,PHI,28,28,154,10,9,0,0,158,70,22,138,37,1.27,8.06,2.18,4.06,4.09,,2.5,2.4,,430.9,13774
Zack Greinke,KCR,29,29,166,9,8,0,0,171,77,22,126,33,1.23,6.83,1.81,4.18,4.02,,2.5,2.8,,311.2,1943
Michael Kopech,CHW,19,43,136,9,5,0,1,110,57,18,182,64,1.28,12.09,4.23,3.76,3.74,,2.5,2.5,,156.3,17282
Patrick Corbin,WSN,29,29,170,12,10,0,0,171,78,25,164,51,1.31,8.7,2.72,4.16,4.12,,2.4,2.7,,441.4,9323
Framber Valdez,HOU,31,31,183,14,10,0,0,167,81,19,172,79,1.34,8.48,3.87,4,4.15,,2.4,3,,143.3,17295
Anthony DeSclafani,SFG,31,31,161,11,8,0,0,151,72,21,149,44,1.21,8.33,2.44,4.04,3.91,,2.4,2.3,,212.4,13050
Alek Manoah,TOR,26,26,135,10,6,0,0,108,53,16,158,50,1.17,10.53,3.31,3.53,3.86,,2.4,3.5,,89.2,26410
Jameson Taillon,NYY,28,28,139,8,6,0,0,132,66,21,136,39,1.23,8.75,2.53,4.24,4.16,,2.4,2,,302.9,11674
Chris Bassitt,NYM,31,31,169,10,9,0,0,150,71,22,165,51,1.19,8.78,2.73,3.77,4.04,,2.3,2.6,,119.3,12304
Mike Clevinger,SDP,19,29,125,9,6,0,1,103,48,16,137,41,1.16,9.85,2.96,3.45,3.64,,2.3,2.5,,181.7,12808
Josh Hader,MIL,0,67,67,5,2,26,2,36,17,8,115,26,0.92,15.47,3.5,2.34,2.52,,2.3,2.8,,28.9,14212
Chris Sale,BOS,19,19,99,8,4,0,0,86,39,12,125,27,1.15,11.39,2.45,3.53,3.28,,2.3,2.5,,136.9,10603
Blake Snell,SDP,26,26,127,8,6,0,0,101,52,17,162,57,1.24,11.45,4.04,3.67,3.72,,2.3,2.3,,115.6,13543
Jon Gray,TEX,31,31,159,11,10,0,0,148,74,21,169,64,1.33,9.56,3.6,4.16,4.07,,2.3,2.4,,222.8,14916
Emmanuel Clase,CLE,0,68,68,7,3,30,2,53,19,4,80,20,1.06,10.59,2.58,2.45,2.47,,2.3,2.7,,56.2,21032
Carlos Carrasco,NYM,26,26,137,10,8,0,0,130,61,20,145,39,1.23,9.56,2.56,4,3.9,,2.2,1.7,,279,6632
Alex Wood,SFG,26,26,135,9,5,0,0,124,55,16,142,37,1.2,9.53,2.51,3.65,3.7,,2.2,2.5,,212.4,13781
Raisel Iglesias,LAA,0,70,70,9,3,31,2,53,22,9,100,17,1.01,12.87,2.24,2.8,2.77,,2.2,2.4,,46.4,17130
Patrick Sandoval,LAA,26,26,139,8,7,0,0,123,64,21,160,58,1.31,10.41,3.77,4.13,4.18,,2.2,2.3,,186.7,19447
John Means,BAL,29,29,159,12,11,0,0,150,77,31,143,37,1.18,8.08,2.08,4.35,4.73,,2.2,2.3,,215.5,16269
Cristian Javier,HOU,16,60,169,5,4,0,3,126,75,25,224,81,1.22,11.92,4.28,4,4.05,,2.2,2.1,,318.5,17606
Lance Lynn,CHW,23,23,129,9,7,0,0,119,57,20,137,43,1.25,9.52,3.01,3.98,4.16,,2.2,2.2,,85.4,2520
Taylor Rogers,MIN,0,67,67,6,3,24,4,55,19,6,84,17,1.07,11.28,2.22,2.59,2.59,,2.1,2.4,,148.8,13449
Liam Hendriks,CHW,0,68,68,6,3,30,1,50,21,10,100,16,0.97,13.29,2.12,2.83,2.81,,2.1,2.3,,31.1,3548
Zac Gallen,ARI,29,29,158,10,8,0,0,141,71,23,174,57,1.25,9.88,3.25,4.05,4.13,,2.1,2.6,,176.3,19291
Corey Kluber,TBR,26,26,135,9,6,0,0,125,56,17,134,40,1.23,8.94,2.69,3.75,3.87,,2.1,2.5,,329.8,2429
Kyle Hendricks,CHC,31,31,174,11,10,0,0,182,81,26,133,36,1.25,6.86,1.87,4.2,4.41,,2.1,2.5,,300.3,12049
Michael Lorenzen,LAA,21,43,148,6,6,0,1,136,67,17,142,61,1.33,8.61,3.71,4.05,4.07,,2.1,2.1,,557.2,14843
Marco Gonzales,SEA,31,31,177,11,11,0,0,175,86,27,135,47,1.25,6.88,2.38,4.38,4.52,,2,1.9,,344.6,15467
Shane McClanahan,TBR,28,28,138,11,8,0,0,126,59,20,156,46,1.25,10.21,3,3.86,3.85,,2,2.4,,104.7,21483
Devin Williams,MIL,0,65,65,8,3,2,12,42,19,6,107,31,1.13,14.79,4.34,2.57,2.65,,2,2.2,,280,15816
Jack Flaherty,STL,23,23,117,8,5,0,0,95,45,15,134,38,1.13,10.32,2.91,3.46,3.71,,2,2.4,,183.5,17479
Joe Ryan,MIN,26,26,124,8,6,0,0,109,56,19,130,32,1.14,9.44,2.34,4.11,4,,2,2.1,,207.4,21390
José Urquidy,HOU,26,26,129,7,6,0,0,123,62,22,117,30,1.19,8.16,2.08,4.3,4.29,,1.9,1.7,,212.1,18413
Adam Wainwright,STL,31,31,185,13,11,0,0,178,84,25,149,54,1.25,7.26,2.61,4.1,4.32,,1.9,2.4,,188.3,2233
Kyle Freeland,COL,29,29,154,10,9,0,0,168,83,22,122,56,1.46,7.18,3.28,4.85,4.64,,1.9,2,,575.5,16256
Ryan Pressly,HOU,0,66,66,6,2,30,2,52,20,7,85,16,1.04,11.59,2.22,2.7,2.76,,1.9,2.3,,64.6,7005
Kyle Gibson,PHI,32,32,185,11,10,0,0,182,95,27,162,71,1.36,7.88,3.43,4.63,4.61,,1.9,1.7,,412.3,10123
Alex Cobb,SFG,26,26,138,10,8,0,0,134,63,16,126,44,1.29,8.23,2.85,4.11,3.92,,1.9,1.7,,232.1,6562
Wade Miley,CHC,24,24,134,9,7,0,0,134,59,15,100,44,1.33,6.73,2.96,3.97,4.2,,1.8,2.3,,535.8,8779
Cal Quantrill,CLE,29,29,160,11,9,0,0,161,76,23,136,48,1.31,7.66,2.69,4.27,4.4,,1.8,2.4,,274.8,19312
Giovanny Gallegos,STL,0,76,76,6,3,18,9,56,27,8,95,21,1.02,11.3,2.51,3.14,3.11,,1.8,1.6,,110.7,14986
Casey Mize,DET,31,31,152,8,8,0,0,146,71,21,124,45,1.26,7.36,2.68,4.2,4.37,,1.8,2.3,,260.6,20492
Steven Matz,STL,29,29,150,10,9,0,0,149,68,21,134,48,1.31,8.09,2.86,4.11,4.25,,1.8,1.9,,252.3,13361
Daulton Jefferies,OAK,24,24,129,6,4,0,0,132,58,17,101,23,1.2,7.05,1.59,4.07,4.02,,1.8,2,,590.3,19345
Drew Rasmussen,TBR,24,36,129,6,5,0,1,110,56,16,145,53,1.26,10.11,3.67,3.89,3.82,,1.8,2.1,,276.8,25385
Tarik Skubal,DET,28,28,139,9,9,0,0,130,66,23,150,46,1.27,9.71,2.97,4.25,4.34,,1.7,2.1,,188.6,22267
Edwin Díaz,NYM,0,67,67,6,3,33,1,46,21,8,106,26,1.08,14.23,3.48,2.76,2.93,,1.7,1.9,,62.2,14710
Michael Pineda,DET,26,26,133,10,10,0,0,138,64,21,109,27,1.24,7.35,1.82,4.29,4.25,,1.7,1.9,,495.3,5372
Bailey Ober,MIN,26,26,118,5,4,0,0,117,55,20,115,27,1.22,8.79,2.06,4.22,4.23,,1.7,1.8,,253.9,21224
Andrew Heaney,LAD,23,27,131,9,7,0,1,124,61,25,148,34,1.2,10.2,2.32,4.22,4.26,,1.7,1.6,,349.1,15423
Dane Dunning,TEX,24,24,114,7,6,0,0,115,54,13,105,39,1.36,8.29,3.12,4.27,4.07,,1.7,1.6,,509.9,19409
José Quintana,PIT,26,26,134,7,8,0,0,138,69,20,130,51,1.41,8.74,3.41,4.63,4.29,,1.7,1.1,,582.6,11423
Nick Pivetta,BOS,29,29,150,9,8,0,0,143,81,24,154,60,1.36,9.27,3.63,4.89,4.51,,1.7,1.5,,363.9,15454
Chris Flexen,SEA,29,29,162,9,9,0,0,168,78,23,124,43,1.3,6.88,2.39,4.32,4.42,,1.7,1.9,,423,13896
Brady Singer,KCR,28,28,132,9,8,0,0,135,63,16,126,50,1.4,8.59,3.42,4.26,4.18,,1.7,2,,499.3,25377
Nick Martínez,SDP,13,47,112,7,5,0,1,101,47,12,110,38,1.25,8.86,3.07,3.79,3.61,,1.7,1.4,,513.6,12730
Jonathan Loáisiga,NYY,0,70,70,7,4,2,13,60,25,6,78,21,1.16,9.99,2.7,3.24,3.2,,1.7,1.6,,396,19753
JT Brubaker,PIT,28,28,143,10,10,0,0,140,71,21,139,50,1.33,8.77,3.13,4.46,4.37,,1.7,1.4,,541.2,17578
Yusei Kikuchi,TOR,28,28,145,8,8,0,0,148,75,22,138,49,1.36,8.55,3.05,4.64,4.33,,1.6,1.8,,295.5,20633
Shane Baz,TBR,18,18,76,5,4,0,0,65,29,9,87,24,1.18,10.38,2.86,3.49,3.49,,1.6,1.7,,179.6,22264
Blake Treinen,LAD,0,70,70,8,3,2,15,56,24,6,80,26,1.16,10.29,3.29,3.14,3.11,,1.6,1.4,,171.4,12572
Josiah Gray,WSN,26,26,128,6,4,0,0,117,65,24,148,49,1.3,10.38,3.46,4.55,4.58,,1.6,1.4,,295.7,24580
José Suarez,LAA,24,24,135,11,10,0,0,131,67,20,126,51,1.34,8.4,3.38,4.45,4.5,,1.6,1.6,,541.4,19911
Andrew Kittredge,TBR,0,70,70,6,3,21,7,61,24,7,78,14,1.07,10.03,1.8,3.09,2.97,,1.6,1.7,,216,12828
Zach Thompson,PIT,23,49,152,9,7,0,1,149,73,21,138,54,1.33,8.16,3.2,4.3,4.32,,1.6,1.5,,560.2,16094
Dylan Bundy,MIN,29,29,145,10,9,0,0,141,74,24,145,50,1.31,8.95,3.09,4.55,4.46,,1.6,1.6,,517.1,12917
Logan Gilbert,SEA,26,26,125,7,6,0,0,117,58,21,131,35,1.22,9.43,2.52,4.18,4.24,,1.6,1.7,,150.4,22250
Aroldis Chapman,NYY,0,64,64,6,4,32,2,39,21,7,110,37,1.19,15.43,5.26,2.98,3.19,,1.6,2,,80.9,10233
Miles Mikolas,STL,26,26,137,9,7,0,0,141,63,20,101,27,1.22,6.63,1.78,4.12,4.32,,1.6,1.6,,505.2,9803
Merrill Kelly,ARI,29,29,171,11,11,0,0,180,90,28,139,51,1.35,7.31,2.69,4.75,4.66,,1.5,1.5,,499.5,11156
Austin Gomber,COL,28,28,132,11,9,0,0,131,70,23,135,48,1.36,9.23,3.31,4.79,4.6,,1.5,1.8,,557.1,16561
Lance McCullers Jr.,HOU,15,15,82,6,3,0,0,67,33,8,91,36,1.26,10.07,4.02,3.58,3.71,,1.5,1.8,,338.5,14120
Scott Barlow,KCR,0,74,74,4,3,25,5,61,30,8,98,32,1.26,11.96,3.86,3.6,3.37,,1.5,1.4,,149.9,14993
Huascar Ynoa,ATL,21,21,107,6,4,0,0,97,48,15,117,38,1.27,9.83,3.19,4.05,4.06,,1.5,1.8,,245.5,20468
Brad Keller,KCR,28,28,153,11,11,0,0,154,75,18,125,65,1.43,7.38,3.81,4.44,4.46,,1.5,2,,582.2,15734
Eric Lauer,MIL,24,28,133,7,7,0,1,127,66,21,134,49,1.31,9.05,3.28,4.49,4.43,,1.5,1.4,,322.6,19316
Tyler Wells,BAL,16,44,135,7,9,2,1,125,74,29,152,40,1.23,10.14,2.69,4.92,4.71,,1.5,0.9,,520.1,20000
Aaron Bummer,CHW,0,65,65,4,2,2,13,50,22,4,78,29,1.22,10.86,4.03,3.1,3.15,,1.4,1.7,,594.3,16258
Zach Plesac,CLE,29,29,158,10,10,0,0,158,80,26,127,42,1.26,7.26,2.4,4.55,4.61,,1.4,1.8,,367.6,19979
Nestor Cortes,NYY,19,31,123,5,4,0,1,118,60,24,131,37,1.26,9.62,2.68,4.44,4.56,,1.4,1.4,,325.4,17874
Kenley Jansen,ATL,0,70,70,6,2,7,12,51,26,9,97,26,1.1,12.45,3.3,3.3,3.39,,1.4,1.5,,80.3,3096
Adrian Houser,MIL,28,28,141,9,8,0,0,138,68,17,109,56,1.38,6.98,3.6,4.37,4.51,,1.4,1.8,,484.6,12718
Tanner Houck,BOS,24,32,118,7,6,0,1,111,60,17,127,46,1.34,9.71,3.51,4.62,4.24,,1.4,1.4,,200.2,19879
Dallas Keuchel,CHW,28,28,153,9,8,0,0,161,76,22,109,52,1.39,6.44,3.03,4.46,4.73,,1.4,1.8,,572.5,9434
Hunter Greene,CIN,19,19,94,10,8,0,0,90,47,15,101,35,1.33,9.62,3.38,4.47,4.37,,1.3,1.2,,371.6,sa3005315
Mike Minor,CIN,28,28,155,10,9,0,0,152,83,33,152,46,1.27,8.8,2.66,4.79,4.93,,1.3,1.4,,562.2,10021
Tyler Matzek,ATL,0,68,68,4,1,1,17,48,24,4,92,38,1.27,12.12,5.02,3.12,3.07,,1.3,1.5,,586.4,10058
Cole Irvin,OAK,31,31,176,11,12,0,0,190,91,28,124,42,1.32,6.36,2.18,4.64,4.71,,1.3,1.4,,548.3,19244
Triston McKenzie,CLE,23,23,107,7,6,0,0,90,54,19,125,45,1.26,10.53,3.77,4.53,4.5,,1.3,1.2,,223.4,18000
Taijuan Walker,NYM,26,26,136,8,8,0,0,128,67,22,131,48,1.3,8.66,3.2,4.43,4.5,,1.3,1,,408.5,11836
Chad Green,NYY,0,77,77,9,5,1,17,62,30,13,100,22,1.09,11.73,2.57,3.54,3.62,,1.3,1.2,,412.8,15552
Mike Soroka,ATL,16,16,90,6,5,0,0,94,42,11,70,24,1.32,6.99,2.44,4.23,4.18,,1.2,1.3,,566.3,18383
Sixto Sánchez,MIA,11,17,68,5,4,0,1,66,28,6,56,17,1.21,7.36,2.18,3.64,3.59,,1.2,1.1,,559.1,19680
Dakota Hudson,STL,24,32,137,10,9,0,1,128,61,13,103,57,1.35,6.73,3.77,4.01,4.36,,1.2,1.7,,487.2,19206
Yonny Chirinos,TBR,13,27,98,5,4,0,1,92,43,13,84,24,1.18,7.66,2.19,3.96,3.99,,1.2,1.3,,600.9,16401
Matt Barnes,BOS,0,67,67,9,5,18,8,51,28,9,96,34,1.28,12.84,4.61,3.79,3.63,,1.2,1.1,,207.5,12863
Lucas Sims,CIN,0,58,58,4,2,17,6,42,23,8,90,29,1.22,13.9,4.53,3.56,3.67,,1.2,1.1,,298.1,13470
Johnny Cueto,,16,16,87,5,5,0,0,90,43,12,69,25,1.33,7.12,2.63,4.48,4.43,,1.2,1,,584.4,6893
Madison Bumgarner,ARI,31,31,170,8,9,0,0,174,92,33,144,45,1.29,7.64,2.38,4.89,4.99,,1.1,1.2,,491.4,5524
Garrett Whitlock,BOS,3,71,87,8,5,11,11,82,38,9,88,29,1.27,9.04,2.93,3.87,3.65,,1.1,1.3,,251.9,20191
Reid Detmers,LAA,19,19,81,6,6,0,0,78,40,13,92,32,1.36,10.16,3.59,4.41,4.36,,1.1,1,,366,27468
Spencer Howard,TEX,21,33,96,5,5,0,1,93,50,14,100,40,1.38,9.31,3.72,4.66,4.35,,1.1,0.7,,572,23252
Corey Knebel,PHI,0,62,62,4,4,22,5,49,25,8,82,27,1.23,11.94,3.98,3.69,3.58,,1.1,1,,132.1,15010
Paul Sewald,SEA,0,67,67,6,5,6,13,54,28,11,93,23,1.15,12.44,3.11,3.82,3.53,,1.1,0.7,,279.8,13892
Craig Stammen,SDP,0,64,64,5,4,0,13,60,25,6,58,13,1.14,8.17,1.86,3.47,3.35,,1.1,1,,600.2,7274
Jordan Romano,TOR,0,66,66,6,4,26,3,50,25,9,88,25,1.14,11.98,3.36,3.36,3.58,,1.1,1.7,,82.8,16122
Mitch Keller,PIT,24,34,124,7,8,0,1,133,65,17,117,55,1.52,8.51,3.98,4.73,4.52,,1.1,0.8,,431.3,17594
David Bednar,PIT,0,64,64,3,2,23,4,52,25,7,80,24,1.19,11.27,3.41,3.56,3.4,,1.1,1,,191,19569
Adbert Alzolay,CHC,16,24,92,7,6,0,1,86,45,15,98,32,1.28,9.68,3.12,4.45,4.33,,1,1,,537.1,17859
Domingo Germán,NYY,13,37,94,6,5,0,1,86,46,17,105,28,1.21,9.97,2.66,4.4,4.32,,1,0.8,,556.9,17149
Dylan Floro,MIA,0,56,56,6,4,12,8,51,21,4,51,19,1.24,8.13,3.07,3.38,3.32,,1,0.9,,258.3,13394
Chris Archer,MIN,23,23,102,5,5,0,0,101,53,16,108,43,1.4,9.52,3.76,4.65,4.5,,1,1,,587,6345
Mike Mayers,LAA,0,68,68,5,3,1,13,60,29,9,82,25,1.24,10.91,3.27,3.82,3.7,,1,1,,597.2,15451
Matt Manning,DET,23,23,106,6,7,0,0,113,54,15,82,37,1.41,6.95,3.11,4.59,4.6,,1,1.1,,550.8,20369
Drew Smyly,CHC,21,35,123,6,6,0,1,125,65,23,120,41,1.35,8.76,3,4.74,4.67,,1,0.9,,571.7,11760
Pierce Johnson,SDP,0,64,64,5,3,3,13,52,27,8,81,28,1.25,11.39,3.9,3.74,3.64,,1,0.6,,469.5,13435
Matthew Boyd,SFG,11,53,105,7,6,0,1,99,50,17,119,30,1.22,10.18,2.57,4.25,4.11,,1,0.7,,591,15440
J.A. Happ,,21,21,110,6,6,0,0,112,57,17,85,35,1.33,6.95,2.85,4.63,4.67,,1,1,,597.9,7410
Carlos Hernández,KCR,23,23,121,6,7,0,0,117,64,16,111,55,1.43,8.27,4.13,4.75,4.67,,1,1.2,,440.2,22713
Elieser Hernandez,MIA,26,26,117,4,5,0,0,112,60,22,124,35,1.26,9.54,2.71,4.62,4.62,,1,0.8,,331.4,16933
Luis Patiño,TBR,18,70,133,8,8,0,6,123,65,20,139,54,1.33,9.42,3.65,4.42,4.4,,0.9,0.7,,314.6,22815
Bryse Wilson,PIT,21,21,109,7,7,0,0,119,58,18,82,32,1.37,6.77,2.6,4.78,4.8,,0.9,0.7,,600,19990
Aaron Civale,CLE,28,28,148,10,11,0,0,153,80,28,120,38,1.29,7.26,2.32,4.86,4.84,,0.9,1.1,,266.3,19479
Kris Bubic,KCR,23,23,131,7,7,0,0,129,70,19,116,56,1.41,8,3.87,4.8,4.76,,0.9,1.2,,541.3,21455
Aaron Ashby,MIL,6,60,86,8,5,0,9,72,35,9,104,40,1.3,10.86,4.15,3.67,3.68,,0.9,1.1,,264.8,23550
Aníbal Sánchez,WSN,24,24,97,0,0,0,0,97,52,16,93,35,1.36,8.63,3.28,4.82,4.67,,0.9,0.7,,598.5,3284
Keegan Akin,BAL,21,21,101,6,7,0,0,108,57,19,94,38,1.44,8.35,3.38,5.06,5,,0.9,0.6,,600.4,19362
Brusdar Graterol,LAD,0,63,63,6,2,2,16,57,23,5,57,18,1.2,8.19,2.61,3.31,3.58,,0.9,1.1,,569.7,20367
Art Warren,CIN,0,62,62,7,4,2,12,46,23,7,86,27,1.18,12.46,3.89,3.38,3.37,,0.9,1,,389.4,18251
Kyle Finnegan,WSN,0,66,66,7,4,28,4,59,28,7,73,30,1.36,9.92,4.12,3.81,3.76,,0.9,0.9,,378.8,15009
Matthew Liberatore,STL,13,13,83,6,6,0,0,84,40,12,70,24,1.3,7.62,2.56,4.3,4.33,,0.9,0.9,,589.9,sa3008163
Mark Melancon,ARI,0,65,65,5,2,29,2,64,26,5,53,21,1.31,7.36,2.95,3.6,3.57,,0.9,1.1,,133.5,4264
Michael Wacha,BOS,21,41,123,5,4,0,1,139,71,22,109,37,1.43,8.01,2.72,5.21,4.69,,0.9,0.6,,556.4,14078
Tylor Megill,NYM,18,30,98,5,6,0,1,93,47,17,109,36,1.31,9.96,3.27,4.34,4.37,,0.9,0.7,,313.8,21318
Will Harris,WSN,0,60,60,3,2,1,13,53,24,7,65,19,1.2,9.77,2.83,3.6,3.43,,0.9,0.7,,599.8,3192
Andrew Chafin,DET,0,60,60,3,3,3,10,52,25,6,60,20,1.2,9.05,3.02,3.81,3.65,,0.9,0.7,,594.1,12988
Adam Ottavino,NYM,0,67,67,7,5,1,14,50,26,6,87,38,1.32,11.71,5.15,3.43,3.62,,0.9,0.9,,599,1247
Tim Mayza,TOR,0,62,62,5,2,1,14,53,24,6,67,23,1.22,9.77,3.38,3.55,3.53,,0.8,1.1,,600.1,15042
Will Smith,ATL,0,68,68,6,3,24,5,54,28,11,89,25,1.15,11.8,3.25,3.69,3.86,,0.8,1.1,,236.4,8048
Jesús Luzardo,MIA,21,36,115,8,9,0,1,114,57,18,118,48,1.42,9.28,3.81,4.5,4.52,,0.8,0.7,,251.7,19959
Roansy Contreras,PIT,13,13,58,3,3,0,0,57,27,7,54,19,1.32,8.45,3.03,4.16,4.11,,0.8,0.9,,536.8,22810
A.J. Minter,ATL,0,62,62,7,3,0,13,52,23,6,78,23,1.21,11.34,3.36,3.36,3.03,,0.8,0.8,,599.9,18655
Joely Rodríguez,NYM,0,60,60,5,2,0,12,51,21,5,68,21,1.2,10.22,3.1,3.1,3.05,,0.8,0.7,,600.9,11487
Matt Wisler,TBR,0,63,63,5,4,2,14,55,26,9,76,19,1.18,10.88,2.69,3.68,3.58,,0.8,0.6,,600,12804
James Kaprielian,OAK,21,24,110,6,7,0,1,105,57,20,111,42,1.34,9.08,3.44,4.66,4.8,,0.7,0.7,,512.6,18331
Nick Lodolo,CIN,10,10,39,2,1,0,0,37,17,6,41,12,1.24,9.43,2.72,3.99,3.93,,0.7,0.7,,464.3,sa917947
James Paxton,BOS,10,10,50,3,3,0,0,49,25,7,54,17,1.34,9.87,3.12,4.47,4,,0.7,0.8,,585.7,11828
Luke Weaver,ARI,16,40,102,6,6,0,1,102,54,18,102,31,1.31,9,2.78,4.73,4.47,,0.7,0.6,,544.9,16918
Tyler Anderson,LAD,18,28,105,6,5,0,1,109,56,22,92,26,1.28,7.82,2.18,4.81,4.89,,0.7,0.5,,559.6,12880
Aaron Loup,LAA,0,62,62,4,3,1,12,55,24,6,62,18,1.19,9.07,2.68,3.5,3.51,,0.7,0.8,,597.6,10343
Ryan Tepera,LAA,0,65,65,1,1,2,14,53,29,9,78,26,1.22,10.76,3.65,4.01,3.96,,0.7,0.5,,589.2,10291
Josh Winder,MIN,13,41,92,3,3,0,1,94,47,13,78,29,1.34,7.61,2.84,4.57,4.5,,0.7,0.7,,999,sa3007993
Adam Cimber,TOR,0,72,72,5,3,1,14,72,31,7,50,18,1.25,6.25,2.27,3.84,4.01,,0.7,1.1,,600.8,15288
Jake Odorizzi,HOU,11,43,85,6,5,0,1,80,40,14,83,27,1.26,8.77,2.9,4.19,4.36,,0.7,0.7,,534.1,6397
James Karinchak,CLE,0,56,56,7,4,3,8,37,19,6,89,29,1.17,14.32,4.61,3.13,3.06,,0.7,0.8,,536.1,20151
Glenn Otto,TEX,13,19,69,5,5,0,1,68,36,9,69,34,1.49,9.03,4.47,4.73,4.48,,0.7,0.6,,594.3,21366
Trevor May,NYM,0,66,66,6,5,1,13,53,26,9,89,26,1.21,12.1,3.57,3.57,3.51,,0.7,0.5,,574.7,6398
Martín Pérez,TEX,26,26,126,8,9,0,0,139,71,19,96,50,1.5,6.87,3.55,5.09,4.96,,0.7,0.6,,597.3,6902
Luis Gil,NYY,10,41,74,3,3,0,1,64,37,11,86,39,1.4,10.58,4.75,4.5,4.47,,0.7,0.5,,551.3,21052
George Kirby,SEA,13,13,62,4,4,0,0,62,30,9,54,19,1.3,7.79,2.69,4.3,4.41,,0.7,0.8,,580.8,sa3011526
Matt Brash,SEA,16,31,95,5,5,0,1,89,47,14,91,42,1.38,8.63,3.97,4.49,4.62,,0.7,0.7,,440,sa3010616
A.J. Alexy,TEX,16,16,80,4,4,0,0,77,45,11,72,44,1.5,8.12,4.9,5.02,4.88,,0.6,0.4,,596.2,22343
Héctor Neris,HOU,0,74,74,7,4,3,16,58,30,11,99,30,1.2,12,3.68,3.68,3.88,,0.6,0.9,,499.8,11804
Trevor Bauer,LAD,5,5,30,2,1,0,0,23,11,4,36,10,1.12,10.85,3.04,3.38,3.67,,0.6,0.7,,238.9,12703
Chris Martin,CHC,0,63,63,4,3,0,14,63,26,9,55,10,1.17,7.83,1.44,3.71,3.83,,0.6,1,,600.8,11847
Adrian Martinez,OAK,10,10,53,3,3,0,0,53,25,6,43,19,1.37,7.33,3.3,4.27,4.32,,0.6,0.7,,999,sa873428
A.J. Puk,OAK,5,65,92,8,6,4,12,88,43,12,93,40,1.39,9.1,3.88,4.18,4.31,,0.6,0.7,,559,19343
Amir Garrett,KCR,0,68,68,3,3,3,12,57,31,8,86,36,1.37,11.39,4.78,4.04,3.95,,0.6,0.7,,590.1,14375
Darren O'Day,ATL,0,58,58,5,0,0,11,48,24,5,68,19,1.17,10.5,3,3.75,3.42,,0.6,0.5,,999,3321
Chris Stratton,PIT,0,76,76,4,4,8,13,74,39,10,78,31,1.38,9.27,3.67,4.58,4.13,,0.6,-0.1,,495.3,13761
Joe Ross,WSN,8,8,44,3,3,0,0,43,21,6,44,15,1.32,9,3.06,4.37,4.29,,0.6,0.5,,600.7,12972
Domingo Acevedo,OAK,0,62,62,3,3,2,11,56,26,8,67,20,1.23,9.66,2.96,3.74,3.85,,0.6,0.9,,596.8,17092
Craig Kimbrel,LAD,0,66,66,6,4,34,3,45,28,11,103,34,1.21,14.06,4.69,3.75,3.96,,0.6,0.9,,166.1,6655
Zach Davies,ARI,26,26,124,7,8,0,0,130,68,18,91,53,1.48,6.62,3.83,4.93,4.94,,0.6,0.8,,593.6,13183
Luis Cessa,CIN,0,68,68,3,3,1,13,66,33,9,63,24,1.32,8.4,3.17,4.41,4.2,,0.6,0.5,,571.2,13345
Taylor Hearn,TEX,23,27,141,8,9,0,1,142,84,26,137,66,1.47,8.74,4.18,5.34,5.13,,0.6,0.1,,587.3,18325
Jake Cousins,MIL,0,58,58,3,1,0,11,44,21,7,79,24,1.16,12.27,3.68,3.27,3.42,,0.6,0.8,,599.5,21620
Tyler Rogers,SFG,0,77,77,5,3,5,17,78,32,6,51,20,1.27,5.97,2.36,3.73,3.92,,0.6,0.9,,543.7,15541
Brett Anderson,,19,19,87,6,6,0,0,95,46,12,52,27,1.38,5.36,2.73,4.73,4.82,,0.5,0.7,,600.9,8223
Kendall Graveman,CHW,0,64,64,4,3,1,15,55,26,7,67,26,1.27,9.43,3.7,3.7,3.95,,0.5,0.9,,545.7,15514
Rich Hill,BOS,18,36,105,5,5,0,1,106,58,18,91,36,1.34,7.81,3.03,4.93,4.89,,0.5,0.7,,512.3,4806
David Robertson,CHC,0,56,56,4,2,11,9,49,26,6,64,23,1.29,10.25,3.76,4.1,3.63,,0.5,0.2,,509.7,8241
Rowan Wick,CHC,0,64,64,3,1,19,8,53,27,7,75,32,1.34,10.59,4.57,3.74,3.98,,0.5,1,,310.2,14646
Paul Fry,BAL,0,60,60,4,4,5,11,51,28,5,67,37,1.47,10.05,5.49,4.24,4.16,,0.5,0.4,,600.8,15832
Robert Suarez,SDP,0,60,60,2,1,10,8,53,23,7,63,19,1.2,9.44,2.82,3.48,3.56,,0.5,0.6,,309.9,sa869798
Paul Blackburn,OAK,15,35,98,5,6,0,1,107,53,15,69,28,1.39,6.37,2.61,4.85,4.75,,0.5,0.4,,999,14739
Anthony Bender,MIA,0,63,63,3,3,10,9,55,27,6,67,27,1.3,9.6,3.9,3.9,3.89,,0.5,0.5,,331.1,19742
Richard Bleier,MIA,0,61,61,2,2,2,11,60,23,5,44,10,1.15,6.52,1.45,3.44,3.43,,0.5,0.5,,600.7,7803
Bruce Zimmermann,BAL,23,23,109,6,8,0,0,121,66,22,94,44,1.51,7.77,3.61,5.46,5.47,,0.5,0.2,,598.2,20370
Reiver Sanmartin,CIN,8,31,65,5,4,0,1,67,32,10,57,20,1.34,7.93,2.72,4.46,4.51,,0.5,0.6,,549,19754
Daniel Bard,COL,0,66,66,9,6,6,11,60,32,8,78,36,1.46,10.7,4.95,4.31,4.38,,0.5,0.8,,581.3,7115
Trevor Richards,TOR,0,56,56,4,2,0,10,46,23,7,67,22,1.21,10.77,3.46,3.72,3.7,,0.5,0.5,,599.9,19309
Zach Logue,OAK,11,19,66,4,4,0,1,67,33,11,57,20,1.31,7.81,2.73,4.55,4.58,,0.5,0.6,,999,sa915822
Tony Gonsolin,LAD,21,41,105,6,4,0,1,96,53,20,111,46,1.35,9.48,3.96,4.56,4.89,,0.5,0.5,,291.1,19388
Camilo Doval,SFG,0,67,67,6,5,22,6,53,27,6,83,40,1.38,11.2,5.37,3.68,3.78,,0.5,0.7,,161.8,21992
Brett Martin,TEX,0,62,62,4,3,1,13,64,27,7,51,17,1.31,7.45,2.53,3.94,3.87,,0.5,0.6,,999,17369
Kyle Wright,ATL,10,20,61,4,4,0,1,60,31,8,55,24,1.38,8.17,3.53,4.58,4.48,,0.5,0.5,,583.6,19665
Mike Fiers,,13,13,71,4,5,0,0,73,36,13,49,20,1.3,6.22,2.47,4.6,5.09,,0.5,0.7,,999,7754
Gregory Soto,DET,0,68,68,4,4,22,5,56,32,8,83,42,1.44,11.03,5.52,4.21,4.12,,0.5,0.6,,182.4,19677
Tony Watson,,0,45,45,5,4,0,0,41,20,5,39,13,1.2,7.82,2.61,3.91,3.77,,0.5,0.5,,999,3132
Cody Morris,CLE,6,20,41,2,2,0,1,38,18,5,43,15,1.3,9.55,3.31,4.08,3.98,,0.5,0.5,,590.1,sa3008653
Jackson Kowar,KCR,10,32,68,5,6,0,1,70,36,10,66,28,1.44,8.78,3.75,4.8,4.49,,0.5,0.5,,595.7,21549
Ian Kennedy,ARI,0,64,64,3,3,4,12,59,30,11,72,20,1.24,10.13,2.84,4.26,4.24,,0.5,0.3,,469.1,6986
Joe Kelly,CHW,0,53,53,2,1,0,9,42,21,4,61,27,1.31,10.31,4.53,3.5,3.49,,0.5,0.5,,600.7,9761
José Alvarado,PHI,0,66,66,5,4,3,13,51,29,6,87,49,1.51,11.93,6.63,3.98,4.15,,0.4,0.5,,594.3,17780
Trevor Rosenthal,,0,44,44,2,2,0,0,32,17,4,63,28,1.38,12.84,5.75,3.54,3.66,,0.4,0.5,,581.3,10745
Tyler Duffey,MIN,0,66,66,3,3,4,12,58,30,9,69,24,1.24,9.4,3.28,4.03,4.05,,0.4,0.6,,585.1,13758
Josh Staumont,KCR,0,62,62,4,3,5,12,50,29,7,75,37,1.41,10.83,5.34,4.22,4.11,,0.4,0.5,,534.5,18335
Josh Fleming,TBR,8,28,81,6,6,0,1,87,40,11,55,20,1.32,6.08,2.21,4.42,4.51,,0.4,0.6,,600.4,20418
Michael King,NYY,3,47,65,4,3,0,3,61,30,9,65,20,1.24,8.96,2.71,4.13,4.15,,0.4,0.5,,600.6,19853
Zac Lowther,BAL,15,15,68,4,5,0,0,69,39,12,62,31,1.48,8.28,4.14,5.22,5.18,,0.4,0.3,,999,20243
Ethan Small,MIL,10,10,39,2,2,0,0,37,19,5,39,19,1.43,9,4.38,4.5,4.5,,0.4,0.4,,601,sa3011621
Brooks Raley,TBR,0,55,55,4,2,1,9,47,21,4,59,24,1.3,9.63,3.94,3.36,3.38,,0.4,0.5,,599.9,10061
Jake Diekman,BOS,0,70,70,4,3,6,12,55,32,8,95,44,1.42,12.23,5.6,4.08,4.13,,0.4,0.9,,586.2,5003
Cole Hamels,,10,10,51,3,2,0,0,49,24,9,49,19,1.34,8.77,3.33,4.22,4.74,,0.4,0.7,,599.5,4972
Ryan Thompson,TBR,0,58,58,5,4,1,11,53,23,7,58,14,1.15,9,2.18,3.55,3.56,,0.4,0.4,,999,16647
Connor Brogdon,PHI,0,58,58,5,4,0,11,51,27,9,64,21,1.24,9.99,3.28,4.18,4.08,,0.4,0.2,,600.9,21205
Yusmeiro Petit,,0,50,50,4,3,0,0,48,23,7,35,10,1.15,6.25,1.73,4.12,4.28,,0.4,0.5,,601,4020
Tucker Davidson,ATL,10,32,68,5,4,0,1,64,34,8,66,37,1.49,8.82,4.89,4.57,4.52,,0.4,0.5,,574.7,19871
Tim Hill,SDP,0,61,61,6,4,0,12,54,24,6,61,21,1.22,8.95,3.04,3.51,3.84,,0.4,0.6,,999,16814
Caleb Thielbar,MIN,0,62,62,3,3,1,12,58,29,10,66,19,1.25,9.57,2.78,4.17,4.08,,0.4,0.3,,601,10078
Collin McHugh,ATL,0,64,64,4,3,1,14,55,28,10,73,20,1.17,10.22,2.75,3.97,3.95,,0.4,0.5,,553.2,7531
Adam Oller,OAK,13,23,75,4,4,0,1,77,40,11,65,32,1.45,7.74,3.78,4.84,4.79,,0.4,0.4,,999,sa913099
Miguel Castro,NYY,0,62,62,3,3,0,11,49,27,6,75,36,1.37,10.82,5.23,3.86,3.93,,0.4,0.5,,600.9,15684
Vladimir Gutierrez,CIN,26,26,131,8,9,0,0,141,82,28,115,50,1.46,7.91,3.42,5.63,5.47,,0.4,0,,584.6,19278
Seth Lugo,NYM,0,70,70,5,4,1,17,61,30,11,80,18,1.13,10.23,2.34,3.8,3.95,,0.4,0.4,,596.1,12447
Dean Kremer,BAL,13,31,75,4,5,0,1,82,47,15,69,32,1.51,8.3,3.79,5.64,5.4,,0.4,0,,999,19350
David Price,LAD,5,53,72,4,3,0,7,70,32,11,70,22,1.27,8.75,2.7,4,4.3,,0.4,0.4,,586.7,3184
Noé Ramirez,ARI,0,66,66,4,4,1,16,59,31,10,71,24,1.25,9.68,3.23,4.25,4.28,,0.4,0.3,,601,12800
Daniel Hudson,LAD,0,60,60,6,3,0,13,50,26,9,73,23,1.22,10.94,3.42,3.93,3.97,,0.4,0.3,,525.4,7146
Michael Fulmer,DET,0,63,63,4,4,6,12,62,30,9,61,22,1.33,8.68,3.09,4.28,4.32,,0.4,0.4,,408.2,13218
Erick Fedde,WSN,10,32,71,4,4,0,1,74,38,11,61,27,1.42,7.7,3.46,4.82,4.79,,0.4,0.3,,593.8,17425
Dylan Coleman,KCR,0,54,54,4,3,0,9,49,23,6,59,23,1.32,9.85,3.81,3.81,3.79,,0.4,0.4,,599.2,22276
Daniel Lynch,KCR,13,13,62,4,4,0,0,67,35,10,51,24,1.48,7.49,3.48,5.14,4.92,,0.4,0.3,,573.7,21537
Randy Dobnak,MIN,5,13,35,3,2,0,1,39,17,4,23,10,1.38,5.85,2.51,4.36,4.33,,0.4,0.4,,600.8,23798
Seranthony Domínguez,PHI,0,55,55,3,3,5,8,47,23,5,57,25,1.31,9.36,4.01,3.74,3.76,,0.3,0.3,,595.5,19249
Nate Pearson,TOR,8,48,72,5,4,0,1,65,36,12,83,35,1.38,10.35,4.35,4.5,4.59,,0.3,0.5,,506.1,20160
Clay Holmes,NYY,0,63,63,5,4,1,12,53,29,6,71,36,1.41,10.2,5.16,4.08,4.08,,0.3,0.5,,600.5,13649
Jake McGee,SFG,0,66,66,3,3,12,11,62,30,11,66,15,1.17,9,2.06,4.13,4.15,,0.3,0.2,,223,7550
JT Chargois,TBR,0,64,64,5,4,3,12,54,26,7,70,30,1.32,9.8,4.25,3.7,3.99,,0.3,0.8,,599.9,13767
Dinelson Lamet,SDP,0,58,58,4,3,9,7,49,24,8,71,25,1.28,11.09,3.94,3.79,3.9,,0.3,0.3,,368.4,17186
Dan Straily,ARI,10,10,39,0,0,0,0,39,21,7,37,14,1.36,8.63,3.28,4.82,4.67,,0.3,0.3,,597.3,9460
Alex Colomé,COL,0,70,70,6,4,20,5,70,34,9,61,25,1.36,7.78,3.2,4.42,4.42,,0.3,0.8,,320.1,6661
D.L. Hall,BAL,11,11,52,3,3,0,0,47,30,9,59,36,1.6,10.15,6.22,5.24,5.28,,0.3,0.3,,600.2,sa3005282
Phil Maton,HOU,0,64,64,3,2,0,12,56,28,8,73,28,1.31,10.21,3.92,3.92,4.01,,0.3,0.5,,600.9,18064
Kyle Muller,ATL,8,26,54,4,3,0,1,49,27,7,57,30,1.45,9.41,4.94,4.55,4.55,,0.3,0.4,,594.8,20167
David Peterson,NYM,6,6,30,2,2,0,0,29,14,4,28,12,1.34,8.16,3.63,4.23,4.33,,0.3,0.3,,596.5,20302
Ryan Brasier,BOS,0,68,68,5,4,1,13,65,30,9,65,23,1.29,8.61,3.03,3.96,4.02,,0.3,0.7,,600.8,5615
Jake Arrieta,,11,11,55,4,5,0,0,59,29,8,43,23,1.49,6.99,3.72,4.78,4.92,,0.3,0.4,,999,4153
Josh Sborz,TEX,0,60,60,4,3,1,10,52,29,9,73,26,1.3,10.95,3.86,4.32,4.08,,0.3,0.2,,600.9,18323
Tyler Gilbert,ARI,6,6,35,2,2,0,0,35,18,5,29,12,1.33,7.62,3,4.62,4.63,,0.3,0.4,,599.4,17964
Wandy Peralta,NYY,0,56,56,4,3,0,9,52,25,6,55,21,1.32,8.77,3.44,3.96,3.97,,0.3,0.3,,999,14295
Cole Sulser,MIA,0,62,62,5,4,6,10,53,27,9,72,24,1.25,10.47,3.49,3.94,4.03,,0.3,0.3,,387.2,15256
Edward Cabrera,MIA,8,24,50,3,3,0,1,46,24,7,55,25,1.41,9.85,4.47,4.36,4.43,,0.3,0.3,,535.5,21690
Cade Cavalli,WSN,6,6,32,2,2,0,0,31,17,5,31,15,1.46,8.8,4.29,4.81,4.72,,0.3,0.3,,576.5,sa3014421
Dillon Tate,BAL,0,66,66,4,4,10,10,66,32,8,53,23,1.35,7.25,3.13,4.38,4.52,,0.3,0.5,,586.9,17796
Robert Stephenson,COL,0,62,62,2,2,1,12,55,31,10,73,27,1.32,10.66,3.91,4.44,4.28,,0.3,0.4,,597.4,13594
J.P. Feyereisen,TBR,0,60,60,5,4,4,10,49,27,8,71,31,1.33,10.67,4.69,4.04,4.1,,0.3,0.3,,596.5,16610
Paolo Espino,WSN,11,29,73,3,4,0,1,78,43,16,64,21,1.35,7.98,2.56,5.32,5.12,,0.3,0,,599.6,8246
Tanner Scott,MIA,0,60,60,5,3,1,10,49,25,6,80,35,1.39,11.93,5.22,3.73,3.8,,0.3,0.3,,597.4,17586
Alex Vesia,LAD,0,62,62,4,3,1,14,48,28,10,85,32,1.29,12.31,4.59,4.04,4.27,,0.3,0.2,,599.8,25007
MacKenzie Gore,SDP,8,8,34,2,2,0,0,34,18,5,31,16,1.47,8.28,4.3,4.76,4.69,,0.3,0.2,,999,sa3005068
Steve Cishek,WSN,0,70,70,2,1,2,15,63,32,7,63,34,1.38,8.1,4.35,4.05,4.47,,0.3,0.6,,593.3,6483
Chad Kuhl,COL,16,30,88,6,6,0,1,92,53,16,82,44,1.54,8.39,4.48,5.4,5.31,,0.3,0.6,,600.3,14975
Jarlín García,SFG,0,66,66,5,4,0,13,58,28,8,61,20,1.19,8.36,2.79,3.82,3.82,,0.3,0.3,,600.9,18282
Jorge Alcala,MIN,0,62,62,5,4,4,13,59,31,9,64,23,1.32,9.35,3.39,4.44,4.2,,0.3,0.2,,514.8,19459
Ryne Stanek,HOU,0,70,70,4,3,1,13,55,33,12,91,36,1.3,11.73,4.64,4.23,4.37,,0.3,0.4,,597.6,15947
Kyle Bradish,BAL,5,47,64,4,4,0,1,63,35,10,66,31,1.47,9.26,4.41,4.94,4.8,,0.3,0.1,,999,sa3008605
Cristopher Sánchez,PHI,3,19,31,2,2,0,1,29,15,4,31,16,1.47,9.03,4.67,4.47,4.36,,0.3,0.2,,999,20778
Tyler Alexander,DET,10,54,83,0,0,0,3,83,48,14,80,36,1.44,8.74,3.96,5.16,4.88,,0.3,0.1,,590,17735
Chris Paddack,SDP,3,28,42,3,2,0,1,39,19,7,42,9,1.16,8.95,1.99,4.05,4.12,,0.2,0.3,,477.8,20099
Kirby Snead,OAK,0,48,48,3,2,0,8,43,20,6,51,19,1.29,9.66,3.58,3.75,3.89,,0.2,0.3,,999,19179
Dany Jiménez,OAK,0,52,52,4,3,0,10,42,22,6,66,26,1.3,11.36,4.47,3.72,3.94,,0.2,0.4,,999,21170
Cody Stashak,MIN,0,45,45,2,2,0,4,41,21,7,55,15,1.24,10.96,2.93,4.11,3.82,,0.2,0.1,,599.9,18088
Justin Steele,CHC,6,30,53,4,4,0,1,50,27,8,53,26,1.43,9.04,4.34,4.58,4.72,,0.2,0.3,,598.4,17312
Dillon Peters,PIT,8,56,88,4,6,0,6,95,50,15,75,30,1.42,7.69,3.07,5.09,4.87,,0.2,-0.1,,600.8,18790
Jesse Hahn,,0,43,43,5,5,0,0,38,22,5,54,27,1.5,11.25,5.63,4.5,4.17,,0.2,0.1,,999,13287
Ryan Rolison,COL,6,6,29,1,1,0,0,32,17,5,24,11,1.47,7.44,3.33,5.33,5.02,,0.2,0.3,,600.5,sa3008244
Tobias Myers,CLE,5,5,24,2,2,0,0,24,12,4,22,8,1.35,8.16,2.94,4.63,4.57,,0.2,0.3,,999,sa918088
Mike Foltynewicz,,15,15,78,4,5,0,0,81,46,16,61,26,1.37,7.06,3.04,5.28,5.32,,0.2,0.2,,601,10811
Brent Suter,MIL,0,72,72,8,7,1,16,71,33,11,62,20,1.26,7.81,2.47,4.11,4.28,,0.2,0.5,,588.1,13942
Nick Sandlin,CLE,0,64,64,2,2,0,15,51,28,8,83,38,1.39,11.65,5.4,3.98,4.31,,0.2,0.7,,601,20517
Nick Margevicius,SEA,5,19,39,3,3,0,1,42,21,6,32,11,1.34,7.27,2.55,4.71,4.52,,0.2,0.1,,999,20395
Emilio Pagán,SDP,0,62,62,3,3,3,13,54,29,12,74,20,1.2,10.77,2.95,4.28,4.42,,0.2,0,,537.6,14771
Jon Heasley,KCR,5,23,40,2,2,0,1,44,22,6,31,15,1.45,6.9,3.32,4.9,4.74,,0.2,0.2,,999,22224
Heath Hembree,PIT,0,62,62,4,5,2,14,54,31,11,78,27,1.3,11.37,3.91,4.44,4.37,,0.2,0,,599.8,11632
Hirokazu Sawamura,BOS,0,61,61,4,2,0,11,53,28,7,72,33,1.41,10.59,4.94,4.06,4.17,,0.2,0.4,,600.8,27515
Jordan Hicks,STL,3,58,68,2,2,8,8,55,31,7,77,41,1.41,10.16,5.4,4.13,4.19,,0.2,0.3,,507,19618
Sam Coonrod,PHI,0,46,46,3,2,0,4,41,19,5,49,19,1.31,9.6,3.81,3.81,3.85,,0.2,0.2,,600.9,17264
Brad Hand,PHI,0,62,62,6,5,2,12,55,27,9,70,24,1.27,10.22,3.51,3.97,4.36,,0.2,0.5,,530.7,9111
Spencer Strider,ATL,3,39,49,3,3,0,1,47,25,7,50,20,1.37,9.1,3.73,4.5,4.49,,0.2,0.2,,593.1,27498
Trevor Cahill,,5,5,25,2,2,0,0,25,13,3,21,11,1.43,7.55,3.92,4.76,4.76,,0.2,0.2,,999,6249
José Cisnero,DET,0,61,61,4,4,1,11,55,29,7,63,32,1.42,9.31,4.73,4.27,4.42,,0.2,0.3,,999,6399
Griffin Canning,LAA,3,12,25,2,1,0,1,23,13,4,26,10,1.33,9.54,3.51,4.52,4.56,,0.2,0.1,,599.6,19867
Cole Winn,TEX,5,5,19,1,1,0,0,19,10,3,18,9,1.42,8.38,4.03,4.68,4.56,,0.2,0.1,,594.9,sa3008662
Matt Strahm,BOS,0,56,56,4,3,0,9,58,27,8,51,13,1.25,8.19,2.01,4.3,3.99,,0.2,0.3,,600.1,13799
Mychal Givens,CHC,0,63,63,5,4,7,14,52,31,10,79,33,1.34,11.35,4.64,4.47,4.3,,0.2,0,,533.2,10430
Daniel Norris,CHC,0,55,55,3,2,1,11,51,25,7,57,22,1.33,9.25,3.58,4.03,4.13,,0.2,0.3,,999,13475
Bailey Falter,PHI,2,30,37,2,2,0,1,36,17,6,36,9,1.22,8.82,2.2,4.27,4.27,,0.2,0.2,,600.2,20070
Alec Mills,CHC,16,34,103,6,7,0,1,113,59,20,79,31,1.39,6.84,2.66,5.11,5.23,,0.2,0.2,,595.3,13834
Rafael Montero,HOU,0,54,54,5,4,0,9,53,24,7,52,17,1.29,8.6,2.8,4,4.13,,0.2,0.3,,999,12760
Max Meyer,MIA,3,15,27,1,1,0,1,26,13,3,24,12,1.43,7.96,4.02,4.35,4.3,,0.2,0.1,,567.2,sa3014430
Wily Peralta,DET,8,30,59,3,3,0,1,60,32,8,44,28,1.49,6.67,4.27,4.9,5.06,,0.2,0.3,,600.9,7738
Joe Smith,MIN,0,58,58,7,5,0,11,60,27,8,46,12,1.23,7.2,1.8,4.11,4.2,,0.2,0.3,,999,3281
Kirby Yates,ATL,0,40,40,4,1,0,1,32,15,5,56,14,1.14,12.51,3.13,3.41,3.26,,0.2,0.2,,597.9,9073
Alec Bettinger,MIL,3,11,25,1,1,0,1,26,13,4,22,7,1.35,7.88,2.71,4.86,4.78,,0.2,0.1,,999,20312
Scott Kazmir,,8,8,32,2,2,0,0,34,18,5,26,13,1.46,7.24,3.72,4.89,4.91,,0.2,0.2,,999,4897
Jordan Balazovic,MIN,3,3,15,1,1,0,0,16,8,2,13,6,1.41,7.53,3.41,4.49,4.47,,0.2,0.2,,600.9,sa918017
Brandon Williamson,CIN,3,3,15,1,1,0,0,15,8,3,17,6,1.37,9.69,3.57,4.8,4.64,,0.2,0.1,,600.4,sa3011494
Max Kranick,PIT,3,18,29,2,2,0,1,32,15,4,23,10,1.43,7.16,3.17,4.72,4.62,,0.2,0.1,,999,22175
Ryan Feltner,COL,5,15,33,2,2,0,1,37,20,5,26,15,1.58,6.93,4.08,5.47,5.18,,0.2,0.1,,999,21446
Drew Steckenrider,SEA,0,66,66,4,4,15,7,61,32,11,60,20,1.22,8.15,2.72,4.31,4.5,,0.2,0.1,,381,18806
Ethan Roberts,CHC,0,38,38,3,2,0,3,37,17,4,35,13,1.3,8.4,2.96,3.95,3.83,,0.2,0.1,,999,sa3008132
Jeffrey Springs,TBR,0,40,40,3,2,0,1,32,15,5,55,16,1.2,12.42,3.6,3.42,3.23,,0.2,0.1,,999,17677
Jordan Lyles,BAL,28,28,155,8,12,0,0,171,100,38,131,53,1.44,7.58,3.07,5.77,5.8,,0.2,-0.2,,583.9,7593
Connor Seabold,BOS,5,5,22,1,1,0,0,23,12,3,18,8,1.41,7.53,3.14,5.15,4.7,,0.2,0.2,,999,19695
Tanner Rainey,WSN,0,62,62,4,4,4,14,47,32,9,93,46,1.5,13.5,6.65,4.7,4.56,,0.1,-0.1,,369.2,17610
Eli Morgan,CLE,6,26,51,3,3,0,1,54,29,10,47,16,1.37,8.17,2.8,5.14,5.03,,0.1,0.1,,600.5,20203
Josh Taylor,BOS,0,47,47,2,1,0,1,41,21,5,57,20,1.29,10.94,3.76,3.93,3.64,,0.1,0.1,,600.8,17359
Yimi García,TOR,0,60,60,7,6,3,11,54,28,10,65,18,1.2,9.74,2.73,4.27,4.31,,0.1,0.3,,582.9,12095
Angel Zerpa,KCR,3,3,13,1,1,0,0,14,7,2,10,4,1.39,7.2,3.1,4.6,4.33,,0.1,0.2,,999,22717
Tanner Roark,,5,5,26,2,2,0,0,28,15,5,23,9,1.41,7.81,3.1,4.99,5.1,,0.1,0.1,,999,8753
Ken Giles,SEA,0,40,40,2,1,4,1,32,16,6,53,12,1.11,11.87,2.79,3.49,3.48,,0.1,0.1,,360.6,12910
Sergio Romo,SEA,0,60,60,1,1,1,11,56,29,9,61,22,1.3,9.11,3.27,4.3,4.34,,0.1,0,,600.5,9817
Austin Davis,BOS,0,48,48,2,2,0,4,45,24,6,50,23,1.42,9.47,4.38,4.56,4.22,,0.1,0.1,,999,17117
Ross Stripling,TOR,3,57,70,4,4,0,9,72,37,13,64,21,1.33,8.27,2.66,4.78,4.67,,0.1,0.2,,590.2,13273
Oliver Drake,TBR,0,38,38,2,2,0,0,32,16,4,40,13,1.18,9.55,3.18,3.74,3.55,,0.1,0.1,,999,8823
Tommy Kahnle,LAD,0,40,40,2,1,0,1,31,16,7,57,14,1.14,12.85,3.25,3.58,3.62,,0.1,0.1,,601,11384
J.B. Wendelken,ARI,0,58,58,4,4,0,11,55,30,8,58,26,1.39,9.05,3.97,4.61,4.42,,0.1,0,,600.8,14506
David Phelps,TOR,0,42,42,4,2,0,3,38,19,6,48,15,1.25,10.35,3.15,4.05,4.02,,0.1,0.1,,999,6316
José Álvarez,SFG,0,52,52,4,3,0,7,51,22,5,43,18,1.33,7.45,3.15,3.81,3.81,,0.1,0.1,,600.7,5358
Vince Velasquez,CHW,8,50,76,4,5,0,4,74,44,16,84,34,1.42,9.93,3.99,5.18,5.16,,0.1,0,,599.9,11189
Austin Warren,LAA,0,56,56,5,4,0,9,53,28,8,58,28,1.45,9.26,4.55,4.55,4.6,,0.1,0.1,,999,24937
Jharel Cotton,MIN,0,54,54,3,3,0,9,52,27,8,56,25,1.41,9.34,4.09,4.52,4.5,,0.1,0.1,,600.8,13654
Pete Fairbanks,TBR,0,34,34,5,3,3,1,28,13,4,45,14,1.22,12.02,3.66,3.31,3.34,,0.1,0.1,,559,17998
Tommy Hunter,,0,32,32,2,1,0,0,29,12,3,29,8,1.16,8.13,2.32,3.48,3.59,,0.1,0.1,,999,1157
Dauri Moreta,CIN,0,46,46,3,2,0,4,45,22,6,45,16,1.32,8.71,3.14,4.35,4.22,,0.1,0.1,,600.6,21101
Trevor Williams,NYM,3,50,64,3,3,0,6,65,32,10,57,20,1.31,8.01,2.75,4.42,4.53,,0.1,0.1,,601,16977
Cionel Pérez,BAL,0,56,56,3,3,0,10,53,30,8,58,32,1.52,9.3,5.1,4.8,4.85,,0.1,0,,999,19614
Archie Bradley,LAA,0,60,60,5,4,0,11,59,29,8,55,25,1.4,8.27,3.75,4.37,4.59,,0.1,0.2,,600.7,12918
Joe Mantiply,ARI,0,46,46,2,2,0,6,43,20,6,47,15,1.27,9.29,3.02,3.89,3.75,,0.1,0.1,,999,14857
Alex Reyes,STL,0,40,40,5,4,4,1,29,17,5,56,24,1.32,12.7,5.35,3.74,3.76,,0.1,0.1,,505.6,15015
Drew Pomeranz,SDP,0,38,38,2,2,5,1,31,17,4,48,20,1.36,11.31,4.85,3.92,3.68,,0.1,0,,594,11426
Phil Bickford,LAD,0,52,52,4,3,0,10,44,24,8,58,20,1.23,10.01,3.4,4.11,4.32,,0.1,0.1,,600.3,18519
Brendan McKay,TBR,2,13,18,1,1,0,1,16,8,3,18,6,1.27,9.44,3.23,4.06,4.13,,0.1,0.2,,999,20186
Chaz Roe,,0,40,40,2,1,0,0,34,16,4,46,20,1.34,10.41,4.5,3.66,3.76,,0.1,0.1,,999,9866
Caleb Kilian,CHC,2,2,7,1,0,0,0,7,3,1,6,2,1.26,7.24,2.2,4.06,4.22,,0.1,0,,999,sa3011773
Tony Santillan,CIN,2,63,69,4,3,6,8,62,36,11,80,36,1.43,10.5,4.71,4.71,4.67,,0.1,0.1,,598.3,19926
Tommy Romero,TBR,2,2,8,0,0,0,0,7,4,1,8,3,1.25,9.31,3.02,4.11,4.19,,0.1,0.1,,600.1,sa3004469
Justin Bruihl,LAD,0,36,36,2,1,0,1,33,15,4,35,11,1.22,8.71,2.79,3.66,3.85,,0.1,0.1,,999,23779
Lou Trivino,OAK,0,70,70,7,6,26,3,62,32,8,69,34,1.37,8.87,4.43,4.16,4.36,,0.1,0.5,,221.9,15043
Steven Brault,CHC,8,38,70,3,3,0,1,70,38,10,61,35,1.5,7.81,4.5,4.9,5.07,,0.1,0.1,,600.9,15291
James Norwood,PHI,0,36,36,3,2,0,1,30,16,5,46,21,1.43,11.48,5.23,4.05,4.18,,0.1,0,,999,16440
Sean Doolittle,WSN,0,56,56,4,4,1,11,54,27,11,58,18,1.28,9.38,2.87,4.4,4.66,,0.1,0,,599.8,1581
Austin Adams,SDP,0,56,56,3,3,2,6,44,22,6,77,33,1.37,12.36,5.3,3.53,3.98,,0.1,0.1,,600.8,13801
Justin Dunn,CIN,6,6,30,1,2,0,0,30,19,6,31,16,1.52,9.27,4.69,5.6,5.64,,0.1,0,,595.5,19268
Hans Crouse,PHI,6,6,26,2,2,0,0,27,16,5,21,12,1.51,7.46,4.1,5.46,5.45,,0.1,0,,999,22192
Steven Okert,MIA,0,55,55,3,3,0,7,49,26,9,62,19,1.25,10.17,3.16,4.21,4.22,,0.1,0,,999,13580
Drew VerHagen,STL,6,61,81,0,0,0,7,82,47,13,79,37,1.47,8.77,4.15,5.26,4.94,,0.1,-0.2,,600.5,13424
José Quijada,LAA,0,52,52,3,3,0,6,44,24,7,65,29,1.4,11.32,5.01,4.2,4.36,,0.1,0.1,,999,19200
Joan Adon,WSN,3,3,16,1,1,0,0,17,9,2,13,7,1.5,7.23,3.95,5.13,5.02,,0.1,0,,600.9,22925
Louis Head,MIA,0,46,46,1,1,0,4,42,22,6,45,17,1.29,8.82,3.35,4.24,4.35,,0.1,0,,600.8,13259
Lucas Luetge,NYY,0,49,49,3,2,0,6,47,23,8,50,14,1.25,9.1,2.6,4.19,4.24,,0.1,0.1,,999,8337
Humberto Castellanos,ARI,5,47,68,4,4,0,4,72,36,11,53,20,1.35,7.04,2.66,4.85,4.88,,0.1,0.1,,999,21183
Braxton Garrett,MIA,3,21,33,2,2,0,1,34,17,5,28,14,1.45,7.83,3.83,4.7,4.67,,0.1,0.1,,999,21844
Oliver Pérez,ARI,0,30,30,2,1,0,1,27,12,4,31,8,1.18,9.24,2.49,3.55,3.72,,0.1,0.1,,999,1514
Jeff Hoffman,CIN,0,56,56,4,3,2,6,50,28,8,70,31,1.44,11.18,4.94,4.5,4.41,,0.1,0,,999,17432
José Ruiz,CHW,0,56,56,2,2,0,11,52,28,9,57,27,1.41,9.15,4.27,4.58,4.64,,0.1,0.1,,999,14552
Lewis Thorpe,MIN,2,16,22,1,1,0,1,24,12,4,19,8,1.43,7.73,3.14,5.04,4.88,,0.1,0,,599.9,15906
Dominic Leone,SFG,0,62,62,4,4,0,13,55,30,9,71,30,1.36,10.24,4.34,4.34,4.19,,0.1,0,,600.8,13763
Kyle McGowin,,0,30,30,1,1,0,0,28,14,4,33,11,1.28,9.85,3.16,4.26,4.13,,0.1,0,,999,15071
Alan Rangel,ATL,2,2,8,1,1,0,0,8,4,1,7,3,1.39,7.88,3.29,4.76,4.69,,0.1,0.1,,999,sa877578
Hunter Strickland,CIN,0,61,61,3,3,4,10,58,33,11,64,24,1.35,9.38,3.56,4.88,4.84,,0.1,-0.1,,578.7,7836
Ryan Sherriff,PHI,0,50,50,8,6,0,6,47,23,5,45,24,1.42,8.18,4.36,4.09,4.26,,0.1,0.1,,999,12249
Darwinzon Hernandez,BOS,0,36,36,2,2,0,1,27,16,4,52,23,1.39,12.9,5.76,3.97,3.92,,0.1,0.1,,999,19848
Colin Poche,TBR,0,32,32,3,2,0,1,25,13,5,41,11,1.13,11.48,3.18,3.79,3.82,,0.1,0.1,,600.9,19403
Andre Jackson,LAD,2,2,7,0,0,0,0,7,4,1,7,4,1.46,8.38,4.37,4.81,4.84,,0.1,0,,601,21298
Carlos Estévez,COL,0,63,63,4,3,3,14,66,34,11,63,23,1.42,9.05,3.3,4.88,4.64,,0.1,0.3,,568.1,14542
Cooper Criswell,LAA,2,2,9,1,1,0,0,10,5,2,7,2,1.4,6.98,2.45,5.14,4.92,,0.1,0.1,,999,24975
Anthony Bass,MIA,0,63,63,6,6,2,14,57,30,9,62,24,1.29,8.84,3.44,4.25,4.35,,0.1,0,,596.4,7982
Pedro Báez,HOU,0,34,34,3,2,0,1,30,15,5,33,14,1.29,8.68,3.62,4.1,4.27,,0.1,0.1,,600.5,5420
Jovani Moran,MIN,0,32,32,1,1,0,1,26,14,3,40,19,1.41,11.33,5.32,4.06,3.98,,0.1,0.1,,999,20422
José Leclerc,TEX,0,36,36,2,2,4,0,28,16,5,48,20,1.32,12.02,4.88,4.01,4.12,,0.1,0.1,,600,14524
Nick Anderson,TBR,0,17,17,1,1,0,1,14,7,2,20,5,1.13,10.65,2.72,3.47,3.58,,0.1,0.1,,600.2,18337
Jake Brentz,KCR,0,63,63,3,3,1,12,54,31,8,76,37,1.44,10.8,5.25,4.47,4.34,,0.1,0.2,,600.4,17783
Kutter Crawford,BOS,2,28,33,2,2,0,1,34,18,5,33,15,1.47,8.94,3.96,4.98,4.52,,0.1,0.1,,999,20531
Hoby Milner,MIL,0,32,32,1,1,0,1,29,14,6,38,9,1.18,10.8,2.44,3.83,4.02,,0.1,0.1,,999,13346
Julian Merryweather,TOR,0,46,46,2,2,2,5,47,23,6,41,14,1.34,8.06,2.82,4.43,4.2,,0,0,,589.5,16703
John Brebbia,SFG,0,27,27,2,1,0,1,24,11,4,34,9,1.23,11.23,3.15,3.74,3.85,,0,0.1,,999,12777
Ty Buttrey,LAA,0,16,16,1,1,0,1,15,7,2,18,5,1.23,10,2.86,3.76,3.76,,0,0.1,,999,14719
Touki Toussaint,ATL,3,9,21,1,1,0,1,20,12,3,22,12,1.49,9.52,4.91,5.01,5.08,,0,0.1,,600.2,16929
Drew Smith,NYM,0,56,56,3,3,0,10,51,27,9,59,22,1.3,9.5,3.46,4.32,4.54,,0,0,,999,17755
Keone Kela,ARI,0,18,18,1,1,0,1,15,8,3,22,6,1.21,11.22,3.16,3.86,3.75,,0,0,,999,14696
Jhon Romero,MIN,0,40,40,2,2,0,1,41,20,5,33,14,1.37,7.35,3.08,4.44,4.16,,0,0,,999,19940
Adam Kolarek,OAK,0,28,28,1,1,0,1,28,12,2,18,9,1.34,5.86,3.02,3.91,4.02,,0,0,,999,10843
Kervin Castro,SFG,0,40,40,3,3,0,1,38,19,5,38,17,1.37,8.56,3.77,4.21,4.14,,0,0,,600.2,21656
Joel Payamps,KCR,0,33,33,2,2,0,1,35,17,5,28,9,1.34,7.55,2.56,4.61,4.32,,0,0,,999,14332
Caleb Ferguson,LAD,0,17,17,1,1,0,1,14,7,2,23,7,1.24,12.14,3.95,3.68,3.84,,0,0.1,,600.9,19349
Danny Duffy,LAD,0,38,38,2,2,0,1,35,18,7,41,14,1.28,9.72,3.24,4.32,4.46,,0,0,,595.5,3542
Sammy Long,SFG,2,20,27,1,1,0,1,26,13,4,25,10,1.36,8.38,3.42,4.52,4.54,,0,0,,599.2,25379
Blake Parker,STL,0,18,18,1,1,0,1,17,8,2,18,6,1.28,8.76,3.1,4.01,3.96,,0,0,,999,5224
Steven Wilson,SDP,0,14,14,1,1,0,1,11,6,2,19,6,1.24,11.91,3.97,3.57,3.7,,0,0,,999,sa3006795
Seth Martinez,HOU,0,22,22,2,1,0,1,21,10,3,23,8,1.31,9.59,3.39,4.28,4.24,,0,0,,999,21045
John King,TEX,0,48,48,5,4,1,3,49,23,6,42,16,1.35,7.88,2.92,4.38,4.32,,0,0.1,,999,22051
Jacob Barnes,DET,0,32,32,1,1,0,1,31,16,4,32,13,1.38,9.14,3.74,4.36,4.32,,0,0,,999,12323
Miguel Yajure,PIT,3,33,45,2,3,0,1,47,25,7,37,17,1.4,7.36,3.31,4.91,4.93,,0,0,,600,21111
Scott Oberg,COL,0,12,12,1,1,0,1,11,5,1,11,4,1.29,8.58,3.28,4.04,3.9,,0,0,,999,13911
Brad Boxberger,MIL,0,65,65,5,5,1,12,53,32,11,84,35,1.36,11.69,4.82,4.47,4.58,,0,0,,592.7,10133
Carlos Martínez,SFG,5,41,55,0,0,0,1,56,32,9,54,25,1.46,8.76,4.11,5.24,4.93,,0,-0.1,,598.7,11682
Adrian Morejon,SDP,0,9,9,1,1,0,1,7,4,1,11,4,1.24,11.17,3.72,3.72,3.27,,0,0,,999,20039
Ryan Weathers,SDP,2,12,17,1,1,0,1,19,10,3,13,6,1.43,6.59,3.25,5.06,4.97,,0,0,,600.8,23796
Danny Coulombe,MIN,0,18,18,2,1,0,1,18,8,3,17,5,1.27,8.63,2.63,4.13,4.09,,0,0,,999,13293
Jakob Junis,SFG,2,49,55,3,3,0,4,56,28,9,53,17,1.33,8.76,2.79,4.62,4.52,,0,0,,600.3,13619
Keynan Middleton,ARI,0,22,22,1,1,0,1,20,11,2,23,11,1.39,9.42,4.33,4.33,4.08,,0,0,,999,15264
Spencer Patton,TEX,0,44,44,3,3,0,1,41,22,7,44,19,1.36,9,3.83,4.6,4.45,,0,0,,578.8,12361
Alexis Diaz,CIN,0,32,32,2,2,0,1,28,16,4,36,19,1.47,10.06,5.21,4.47,4.47,,0,0,,999,sa875576
Wyatt Mills,SEA,0,22,22,1,1,0,1,20,10,3,23,8,1.29,9.38,3.38,3.94,4.02,,0,0,,999,20010
Austin Pruitt,OAK,0,18,18,1,1,0,1,18,8,2,14,4,1.24,7.18,2.15,4.16,4.05,,0,0,,999,15290
Ben Leeper,CHC,0,12,12,1,1,0,1,11,5,1,14,5,1.29,10.47,3.58,3.86,3.81,,0,0,,999,sa3014907
Ty Blach,COL,2,26,31,2,2,0,1,40,21,5,19,9,1.55,5.57,2.51,6.01,5.09,,0,-0.1,,999,14361
Bennett Sousa,CHW,0,20,20,1,1,0,1,19,10,3,20,7,1.29,8.94,2.98,4.31,4.26,,0,0,,999,sa913181
Deolis Guerra,OAK,0,14,14,1,0,0,1,13,6,2,15,5,1.23,9.41,2.93,4.01,4.04,,0,0,,600.6,8410
Shawn Armstrong,MIA,0,28,28,1,1,0,1,26,13,4,32,11,1.32,10.14,3.57,4.14,4.15,,0,0,,999,12857
Asher Wojciechowski,SEA,2,2,8,0,1,0,0,8,4,2,8,3,1.37,8.93,3.31,5.12,5.24,,0,0,,999,10836
Wander Suero,LAA,0,18,18,2,1,0,1,17,9,3,19,7,1.33,9.42,3.3,4.4,4.43,,0,0,,999,15855
Bowden Francis,TOR,2,10,16,1,1,0,1,17,9,3,14,7,1.45,8.11,3.73,5.1,5.04,,0,0,,999,sa918451
Javy Guerra,SDP,0,16,16,0,0,0,1,15,8,2,14,6,1.32,8.05,3.35,4.36,4.25,,0,0,,999,17292
Matt Foster,CHW,0,33,33,2,2,0,1,31,16,6,35,13,1.31,9.47,3.41,4.34,4.55,,0,0,,999,19647
Jaime Barría,LAA,8,22,54,2,3,0,1,63,34,12,39,15,1.45,6.39,2.56,5.67,5.59,,0,-0.1,,999,18356
Ian Gibaut,CLE,0,25,25,1,1,0,1,24,12,3,26,11,1.4,9.24,3.91,4.44,4.39,,0,0,,999,17871
Yoan López,NYM,0,20,20,1,1,0,1,19,9,3,19,8,1.35,8.54,3.48,4.18,4.25,,0,0,,999,17181
Ryan Borucki,TOR,0,30,30,2,2,0,1,29,15,4,27,14,1.41,8.22,4.11,4.46,4.32,,0,0,,999,16350
Enyel De Los Santos,CLE,0,28,28,1,1,0,1,27,14,5,32,12,1.38,10.2,3.71,4.64,4.51,,0,0,,999,18403
Kodi Whitley,STL,0,37,37,2,2,0,1,33,17,5,38,16,1.32,9.29,3.78,4.13,4.22,,0,0,,999,19731
Joe Jiménez,DET,0,52,52,4,4,0,6,45,27,8,64,27,1.38,11.01,4.62,4.62,4.67,,0,0,,999,15761
Francisco Perez,WSN,0,15,15,1,1,0,1,14,7,2,16,7,1.37,9.63,4.11,4.26,4.1,,0,0,,999,21018
Keegan Thompson,CHC,5,37,53,3,3,0,1,52,29,10,51,24,1.44,8.79,4.08,4.97,5.09,,0,0.1,,999,19795
Phoenix Sanders,TBR,0,10,10,1,1,0,1,9,4,1,11,4,1.23,9.71,3.19,3.64,3.76,,0,0,,999,sa3004098
Adam Morgan,HOU,0,10,10,1,1,0,1,9,5,1,11,4,1.27,10.27,3.58,4.06,3.97,,0,0,,999,12580
Bryan Abreu,HOU,0,46,46,3,2,0,5,39,22,5,54,31,1.53,10.53,6.08,4.32,4.45,,0,0,,999,16609
Ian McKinney,SEA,2,2,8,0,1,0,0,8,5,1,8,4,1.51,8.27,4.66,5.13,5.13,,0,0,,999,sa738318
Dylan File,MIL,2,8,14,1,1,0,1,15,8,3,11,4,1.36,7.07,2.39,5.18,5.15,,0,0,,999,sa3004197
Luke Jackson,ATL,0,12,12,1,0,0,1,11,5,2,14,5,1.35,10.51,3.94,3.94,3.98,,0,0,,599.9,11752
Chase Anderson,DET,3,3,15,1,1,0,0,15,8,3,12,6,1.41,7.2,3.41,5.21,5.46,,0,0.1,,999,6895
Ryan Weiss,ARI,0,10,10,1,0,0,1,10,5,1,9,4,1.34,8.43,3.42,4.06,3.96,,0,0,,999,sa3007778
Cam Bedrosian,PHI,0,12,12,0,0,0,1,11,6,2,12,5,1.39,8.71,4.01,4.53,4.45,,0,0,,999,13360
Angel Perdomo,MIL,0,18,18,1,1,0,1,14,8,2,26,12,1.44,12.93,6.08,4.18,4.23,,0,0,,999,17759
Sean Newcomb,ATL,0,44,44,3,2,0,4,39,22,6,48,22,1.39,9.82,4.44,4.44,4.44,,0,0,,600.2,16943
Andrew Vasquez,TOR,0,14,14,1,1,0,1,12,7,2,17,8,1.41,11.23,5.07,4.35,4.12,,0,0,,999,19482
Evan Phillips,LAD,0,42,42,2,2,0,4,38,20,7,50,20,1.37,10.76,4.24,4.24,4.46,,0,0,,999,17734
Gabe Speier,KCR,0,44,44,2,2,0,4,45,22,6,40,15,1.37,8.27,3.12,4.53,4.33,,0,0,,999,17170
Dustin May,LAD,0,11,11,1,0,0,1,11,5,1,10,3,1.25,8.31,2.57,4.03,4.07,,0,0,,572.3,19716
Jace Fry,WSN,0,8,8,0,0,0,1,7,4,1,9,5,1.4,10.58,5.11,4.01,3.96,,0,0,,999,16159
Josh James,HOU,0,14,14,1,1,0,1,12,7,2,19,8,1.41,12.04,5.33,4.3,4.43,,0,0,,601,16794
Ben Bowden,COL,0,20,20,1,1,0,1,19,11,3,24,12,1.54,10.88,5.25,5.06,4.8,,0,0,,999,20198
Ron Marinaccio,NYY,0,20,20,0,0,0,1,18,10,3,23,10,1.4,10.35,4.69,4.37,4.46,,0,0,,999,sa3004593
Alexander Wells,BAL,2,34,40,2,3,0,1,46,24,9,28,10,1.41,6.32,2.29,5.49,5.46,,0,-0.1,,999,19845
Trey Wingenter,CIN,0,12,12,1,1,0,1,9,6,2,17,7,1.36,12.88,5.4,4.36,4.42,,0,0,,999,17793
Patrick Ruotolo,SFG,0,11,11,1,1,0,1,10,5,1,12,4,1.26,9.66,3.41,3.98,3.99,,0,0,,999,sa856262
Blake Cederlind,PIT,0,28,28,2,2,0,1,28,15,3,26,15,1.52,8.4,4.77,4.77,4.43,,0,0,,999,20344
Jacob Webb,ATL,0,26,26,3,2,0,1,24,12,4,28,11,1.34,9.77,3.81,4.31,4.29,,0,0,,999,19274
Richard Rodríguez,,0,28,28,2,2,0,0,27,14,5,27,7,1.21,8.69,2.33,4.34,4.64,,0,0,,579.3,13549
Jalen Beeks,TBR,0,38,38,2,2,0,1,38,18,5,36,14,1.38,8.46,3.34,4.19,4.29,,0,0,,999,17192
Devin Smeltzer,MIN,0,20,20,1,1,0,1,21,10,3,16,6,1.32,7.02,2.49,4.71,4.64,,0,0,,999,19487
Génesis Cabrera,STL,0,68,68,5,4,4,12,59,32,10,76,32,1.35,10.07,4.29,4.18,4.43,,0,0.1,,593.3,17490
Brad Wieck,CHC,0,16,16,1,1,0,1,13,8,3,21,7,1.29,11.64,4.21,4.46,4.3,,0,0,,600.1,16390
Justin Anderson,TEX,0,12,12,0,0,0,1,10,6,1,15,8,1.5,11,6,4.5,4.34,,0,0,,999,16201
Edwin Uceta,ARI,0,7,7,0,0,0,1,7,4,1,7,3,1.4,9.44,4,4.56,4.32,,0,0,,999,20539
Ryne Harper,,0,24,24,1,1,0,0,24,13,4,22,7,1.3,8.36,2.61,4.7,4.56,,0,0,,999,12680
Hansel Robles,BOS,0,56,56,4,3,1,6,52,28,9,60,24,1.36,9.56,3.8,4.5,4.44,,0,0,,594.4,11801
Seth Romero,WSN,0,13,13,0,0,0,1,12,7,2,13,6,1.41,8.84,4.06,4.54,4.44,,0,0,,999,21333
Sam Clay,WSN,0,32,32,2,2,0,1,33,16,3,26,16,1.54,7.41,4.61,4.61,4.47,,0,0,,999,16279
Tommy Nance,MIA,0,8,8,0,0,0,1,7,4,1,8,4,1.39,9.15,4.24,4.24,4.06,,0,0,,999,19178
J.P. France,HOU,2,2,8,1,1,0,0,8,5,2,8,4,1.5,8.64,4.54,5.17,5.39,,0,0,,999,sa3008310
Justin Topa,MIL,0,10,10,0,1,0,1,11,6,1,8,3,1.41,7.33,3,5,4.58,,0,0,,999,15145
Grant Dayton,MIA,0,22,22,1,1,0,1,19,10,3,25,10,1.33,10.18,3.98,3.98,4.3,,0,0,,999,11203
Nick Wittgren,STL,0,60,60,5,4,1,12,56,27,9,59,19,1.25,8.85,2.9,4.12,4.31,,0,0.2,,600.5,15594
Gregory Santos,SFG,0,4,4,0,0,0,1,4,2,1,4,2,1.3,9.39,3.52,4.3,4.08,,0,0,,999,21894
Trevor Gott,MIL,0,48,48,3,2,0,6,44,25,8,52,20,1.35,9.78,3.83,4.68,4.56,,0,0,,599.3,15046
Sam Selman,OAK,0,24,24,1,1,0,1,20,12,3,25,13,1.38,9.38,4.79,4.4,4.6,,0,0,,999,13397
Zach Pop,MIA,0,30,30,1,1,0,1,28,14,3,29,12,1.36,8.62,3.74,4.07,4.29,,0,0,,999,20185
Dylan Lee,ATL,0,4,4,0,0,0,1,4,2,1,4,1,1.28,9.06,3.21,4.15,4.05,,0,0,,999,19996
John Schreiber,BOS,0,12,12,1,1,0,1,12,6,2,11,4,1.41,8.29,3.34,4.54,4.31,,0,0,,999,20020
Mitch White,LAD,0,6,6,0,0,0,1,6,3,1,6,2,1.29,8.86,3.06,4.38,4.42,,0,0,,581.7,19225
Miguel Del Pozo,DET,0,18,18,1,1,0,1,18,10,3,18,9,1.48,9.13,4.37,4.96,4.74,,0,0,,999,18792
Logan Gillaspie,BAL,0,14,14,1,1,0,1,15,7,2,11,5,1.4,6.85,2.94,4.76,4.83,,0,0,,999,sa3008386
Jhoan Duran,MIN,0,46,46,4,4,0,6,44,23,6,44,22,1.45,8.67,4.34,4.53,4.59,,0,0,,599.5,sa873347
Erik Swanson,SEA,0,52,52,2,2,1,6,50,27,10,53,16,1.26,9.19,2.73,4.74,4.67,,0,-0.1,,600.7,16587
Peter Solomon,HOU,0,8,8,0,0,0,1,8,4,1,8,3,1.38,8.83,3.84,4.54,4.63,,0,0,,999,20476
Junior Fernández,STL,0,13,13,1,1,0,1,12,6,1,12,7,1.43,8.47,4.59,4.24,4.33,,0,0,,999,18496
Joey Gerber,SEA,0,10,10,0,0,0,1,9,5,1,10,5,1.41,9.27,4.43,4.23,4.47,,0,0,,999,24591
Deivi García,NYY,2,6,11,1,1,0,1,11,7,2,10,6,1.61,8.32,5.18,5.6,5.67,,0,-0.1,,599.6,20276
Shaun Anderson,TOR,0,0,0,0,0,0,0,0,0,0,0,0,0,0,0,0,3.17,,0,0,,999,19453
Shane Greene,LAD,0,5,5,0,0,0,1,5,3,1,5,2,1.3,8.92,3.2,4.58,4.8,,0,0,,999,10756
Dellin Betances,,0,35,35,2,2,0,0,28,16,5,45,21,1.4,11.62,5.34,4.08,4.5,,0,0,,999,6216
Angel Rondón,STL,0,4,4,0,0,0,1,4,2,1,3,1,1.35,7.02,2.83,4.48,4.69,,0,0,,999,22036
Alex Claudio,NYM,0,22,22,1,1,0,1,22,10,3,17,8,1.36,7.11,3.2,4.26,4.37,,0,0,,999,12890
Penn Murfee,SEA,0,8,8,0,0,0,1,8,4,1,7,3,1.38,8.32,3.46,4.54,4.53,,0,0,,999,sa3006775
Johan Oviedo,STL,2,17,23,1,1,0,1,23,12,3,20,11,1.49,8.01,4.5,4.73,4.91,,0,0.1,,999,22487
Marcos Diplán,BAL,0,12,12,1,1,0,1,11,7,2,12,7,1.49,9.16,4.91,4.91,5.01,,0,0,,999,17583
Clarke Schmidt,NYY,2,44,49,2,2,0,1,50,26,7,44,22,1.47,7.99,4.07,4.83,4.91,,0,0,,598.8,19899
Manuel Rodríguez,CHC,0,26,26,2,2,0,1,25,13,3,23,12,1.46,7.83,4.3,4.5,4.76,,0,0,,999,20794
Robert Gsellman,CHC,0,6,6,0,0,0,1,6,3,1,5,2,1.38,7.02,3.06,4.68,4.69,,0,0,,999,13696
Jhonathan Diaz,LAA,0,10,10,1,1,0,1,10,5,1,8,4,1.46,7.47,3.83,4.86,4.73,,0,0,,999,20298
Anthony Kay,TOR,2,14,20,1,1,0,1,20,11,3,19,10,1.52,8.53,4.47,5.18,5.13,,0,0,,999,20387
Luis Frías,ARI,0,11,11,1,1,0,1,11,6,1,10,5,1.39,8.12,3.87,4.56,4.49,,0,0,,999,21997
Graham Ashcraft,CIN,0,4,4,0,0,0,1,4,2,1,3,2,1.46,7.7,3.63,5.13,5.02,,0,0,,999,sa918274
Humberto Mejía,ARI,0,6,6,0,0,0,1,6,3,1,5,2,1.4,7.57,3.06,4.8,4.65,,0,0,,999,20739
Mark Leiter Jr.,CHC,0,4,4,0,0,0,1,4,2,1,4,1,1.37,8.41,3.03,4.89,4.84,,0,0,,999,15551
Tyler Zuber,KCR,0,14,14,1,1,0,1,13,8,2,15,8,1.49,9.68,4.92,4.92,4.79,,0,0,,999,20379
Grant Holmes,OAK,0,3,3,0,0,0,1,3,2,0,2,1,1.47,7.49,4.04,4.88,4.9,,0,0,,601,sa828669
Tyler Johnson,CHW,0,10,10,0,0,0,1,9,5,1,10,5,1.49,8.93,4.89,4.68,4.87,,0,0,,999,sa915688
Mike Montgomery,NYM,0,8,8,0,0,0,1,8,4,1,6,3,1.43,7.13,3.38,4.5,4.64,,0,0,,999,4869
Peter Lambert,COL,13,19,64,2,3,0,1,78,44,13,44,24,1.58,6.12,3.31,6.12,5.69,,0,0,,600.8,17969
Jimmy Lambert,CHW,2,20,24,1,2,0,1,24,14,5,24,12,1.47,9,4.26,5.11,5.21,,0,0,,999,19541
Brock Burke,TEX,0,42,42,2,2,0,1,43,22,7,39,16,1.4,8.35,3.36,4.77,4.62,,0,0,,999,17968
Trent Thornton,TOR,0,24,24,1,1,0,1,25,13,4,23,9,1.39,8.61,3.23,4.79,4.72,,0,0,,999,17948
JP Sears,NYY,0,38,38,3,3,0,1,38,20,7,37,14,1.36,8.76,3.3,4.74,4.73,,0,0,,999,sa3004100
Jordan Sheffield,COL,0,28,28,2,2,0,1,27,16,4,27,16,1.53,8.57,5.19,5.19,5.05,,0,0,,999,19682
Aaron Fletcher,PIT,0,40,40,2,2,0,1,43,20,5,30,15,1.43,6.75,3.3,4.55,4.51,,0,0,,999,22052
Alex Faedo,DET,0,4,4,0,0,0,1,4,2,1,4,1,1.34,8.16,2.41,4.92,5.05,,0,0,,999,sa829855
Yohan Ramirez,SEA,0,32,32,2,2,0,1,26,16,4,40,24,1.53,11.25,6.61,4.5,4.73,,0,0,,599.8,19444
Sean Poppen,ARI,0,52,52,3,3,0,9,53,27,7,49,23,1.47,8.52,3.96,4.68,4.49,,0,0,,999,19583
Yennier Cano,MIN,0,12,12,1,1,0,1,11,6,2,12,7,1.51,8.76,4.96,4.82,4.76,,0,0,,999,sa3011688
Ryan Hendrix,CIN,0,36,36,3,2,0,1,34,20,5,41,21,1.52,10.37,5.28,4.89,4.74,,0,0,,999,19535
Eduard Bazardo,BOS,0,12,12,1,1,0,1,12,6,2,11,4,1.4,8.16,3.3,4.86,4.9,,0,0,,999,20997
Jake Faria,MIN,0,10,10,0,1,0,1,10,6,2,10,5,1.49,9,4.32,5.04,4.85,,0,0,,999,13699
Wandisson Charles,OAK,0,6,6,0,0,0,1,5,3,1,7,4,1.53,11.23,6.34,4.71,4.8,,0,0,,999,sa874818
José Castillo,SDP,0,4,4,0,0,0,1,4,2,1,4,2,1.52,8.83,4.56,5.46,5.07,,0,0,,999,17169
Kyle Nelson,ARI,0,4,4,0,0,0,1,4,2,1,4,2,1.52,8.83,4.56,5.46,5.07,,0,0,,999,20515
Ryan Mason,MIN,0,10,10,1,1,0,1,10,5,2,9,4,1.46,7.93,3.88,4.89,4.82,,0,0,,999,sa856254
Enoli Paredes,HOU,0,4,4,0,0,0,1,4,2,1,5,3,1.58,10.38,6.23,5.11,5.18,,0,0,,999,20447
Dillon Maples,PHI,0,9,9,1,1,0,1,7,5,1,12,8,1.61,12.17,7.8,4.56,4.88,,0,0,,999,14672
Calvin Faucher,TBR,0,6,6,0,0,0,1,6,3,1,6,4,1.54,8.79,5.27,4.63,4.75,,0,0,,999,sa3004013
Michael Rucker,CHC,0,28,28,1,1,0,1,28,15,5,28,10,1.36,9,3.16,4.68,4.57,,0,0,,999,19454
Ronald Bolaños,KCR,0,6,6,0,0,0,1,6,3,1,5,3,1.59,7.6,4.83,5.24,5.04,,0,0,,999,20041
Daniel Castano,MIA,0,11,11,1,1,0,1,12,6,2,7,4,1.4,6.03,2.88,4.68,4.76,,0,0,,999,19805
Elvis Peguero,LAA,0,6,6,0,0,0,1,6,3,1,5,3,1.52,7.08,3.95,5.1,5.04,,0,0,,999,21652
Brad Peacock,KCR,0,4,4,0,0,0,1,4,2,1,4,2,1.43,8.23,3.46,5.27,5.04,,0,0,,999,5401
Justin Grimm,OAK,0,44,44,3,3,0,5,39,22,7,50,21,1.36,10.22,4.2,4.56,4.53,,0,0,,999,11720
Jake Reed,NYM,0,28,28,1,1,0,1,27,14,4,29,12,1.38,9.36,3.78,4.5,4.55,,0,0,,999,16209
David McKay,NYY,0,8,8,0,0,0,1,8,5,1,8,4,1.52,8.83,4.56,5.46,5.07,,0,0,,999,19814
Ronel Blanco,HOU,0,24,24,2,2,0,1,22,12,4,26,12,1.41,9.67,4.43,4.63,4.67,,0,0,,999,sa919082
Nick Mears,PIT,0,21,21,1,1,0,1,20,11,3,22,10,1.43,9.61,4.3,4.7,4.67,,0,0,,999,25376
Andrew Wantz,LAA,0,35,35,2,2,0,1,34,19,6,38,17,1.43,9.73,4.25,4.93,4.98,,0,-0.1,,999,24933
Argenis Angulo,MIN,0,6,6,0,0,0,1,6,3,1,6,4,1.6,9.06,5.73,5.18,5.06,,0,0,,999,sa829470
Garrett Richards,TEX,2,68,75,4,4,4,11,77,39,12,64,28,1.41,7.67,3.43,4.65,4.69,,0,0.1,,598.5,9784
Cayne Ueckert,CHC,0,10,10,0,0,0,1,10,6,1,9,6,1.58,7.82,5.33,4.97,4.87,,0,0,,999,sa3010789
Nabil Crismatt,SDP,0,22,22,1,1,0,1,22,11,4,21,7,1.31,8.64,2.88,4.41,4.6,,0,0,,999,17732
Julian Fernández,COL,0,16,16,1,1,0,1,17,9,3,14,7,1.52,7.8,4.18,5.32,5.16,,0,0,,598.7,18341
Arodys Vizcaíno,KCR,0,8,8,0,0,0,1,8,4,1,8,4,1.44,9.5,4.5,4.5,4.89,,0,0,,999,5498
Colin Holderman,NYM,0,4,4,0,0,0,1,4,2,1,3,2,1.62,7.05,5.11,5.35,5.22,,0,0,,999,sa918172
Stephen Ridings,NYY,0,10,10,1,1,0,1,9,6,2,11,6,1.53,10.01,5.35,5.12,4.9,,0,0,,999,22358
Garrett Cleavinger,LAD,0,12,12,1,1,0,1,10,6,2,14,8,1.49,10.8,5.91,4.63,4.77,,0,0,,999,17897
Miguel Sánchez,MIL,0,21,21,1,1,0,1,20,11,4,21,9,1.4,9.06,3.86,4.7,4.79,,0,0,,999,20074
Kent Emanuel,PHI,0,6,6,0,0,0,1,7,3,1,4,2,1.37,6.64,2.56,5.13,5.32,,0,0,,999,15849
JoJo Romero,PHI,0,4,4,0,0,0,1,4,2,1,3,2,1.52,7.49,4,5.56,5.48,,0,0,,999,19574
Junior Guerra,,0,24,24,1,1,0,0,22,12,3,23,13,1.45,8.75,4.69,4.56,4.75,,0,0,,999,5702
Trevor Hildenberger,SFG,0,8,8,0,1,0,1,8,4,1,8,4,1.51,8.6,4.54,5.02,4.66,,0,0,,999,17002
Ralph Garza Jr.,BOS,0,6,6,0,0,0,1,6,4,1,6,3,1.48,8.57,4.14,5.29,5.06,,0,0,,999,17682
Nick Mikolajchak,CLE,0,32,32,3,3,0,1,31,16,6,34,11,1.3,9.56,3.11,4.54,4.66,,0,0,,999,sa3010303
Greg Holland,TEX,0,24,24,2,2,0,1,22,13,4,26,13,1.48,9.59,4.89,4.7,4.71,,0,0,,578.8,7196
Patrick Murphy,WSN,0,48,48,3,3,0,7,48,26,7,43,22,1.44,8.05,4.09,4.83,4.74,,0,-0.1,,999,19712
Miguel Diaz,DET,0,10,10,0,1,0,1,10,6,2,10,5,1.48,8.7,4.8,5.1,4.89,,0,0,,999,18815
Parker Dunshee,OAK,0,4,4,0,0,0,1,4,2,1,3,1,1.43,7.45,3.35,5.29,5.43,,0,0,,999,sa873274
Demarcus Evans,TEX,0,14,14,1,1,0,1,12,8,2,17,8,1.47,10.61,5.21,4.84,4.89,,0,0,,600.6,21087
Reynaldo López,CHW,3,65,79,5,5,0,13,76,42,14,73,29,1.34,8.39,3.36,4.76,4.86,,0,0.1,,568.5,16400
Gerardo Carrillo,WSN,0,6,6,0,0,0,1,6,4,1,5,3,1.58,6.96,4.67,5.31,5.32,,0,0,,999,sa3002790
Brandon Workman,TEX,0,10,10,1,1,0,1,9,5,2,11,6,1.49,9.8,5.4,4.6,4.88,,0,0,,999,11428
Brandon Bielak,HOU,0,11,11,1,1,0,1,11,6,2,10,5,1.43,8.56,3.95,4.72,4.83,,0,0,,999,19866
Chi Chi González,MIN,0,4,4,0,0,0,1,4,2,1,3,2,1.51,5.93,3.7,5.52,5.6,,0,0,,999,14663
Daniel Tillo,KCR,2,2,7,0,1,0,0,8,5,1,4,4,1.74,5.2,5.31,5.76,5.61,,0,0,,999,sa876284
Bryan Baker,BAL,0,38,38,3,4,0,1,36,22,6,42,25,1.61,9.99,5.95,5.31,5.23,,0,-0.1,,999,19804
Yency Almonte,LAD,0,8,8,0,0,0,1,8,4,1,8,4,1.49,9.22,4.85,4.85,5.06,,0,0,,999,15068
Ray Kerr,SDP,0,6,6,0,0,0,1,6,4,1,5,4,1.62,7.75,5.28,5.28,5.27,,0,0,,999,sa3005362
Félix Peña,NYM,0,14,14,1,1,0,1,14,7,2,13,5,1.37,8.09,3.53,4.78,4.68,,0,0,,999,13403
Gabe Klobosits,WSN,0,10,10,1,1,0,1,10,6,2,8,5,1.52,7.27,4.36,5.19,5.32,,0,0,,999,19881
Manny Bañuelos,NYY,0,14,14,0,0,0,1,14,8,2,14,7,1.52,8.83,4.56,5.46,5.07,,0,0,,999,5365
Jonathan Stiever,CHW,0,6,6,0,0,0,1,7,4,1,5,2,1.38,8.11,2.57,5.64,5.53,,0,0,,999,24584
Derek Holland,BOS,0,10,10,0,0,0,1,10,6,2,10,5,1.52,8.83,4.56,5.46,5.07,,0,0,,999,4141
Justus Sheffield,SEA,6,48,74,5,6,0,3,77,40,11,65,36,1.53,7.96,4.43,4.84,4.94,,0,0.1,,600.4,17285
Juan Minaya,MIN,0,16,16,1,1,0,1,15,8,3,16,8,1.44,9.09,4.41,4.69,4.86,,0,0,,999,10341
Anthony Castro,TOR,0,12,12,1,1,0,1,12,7,2,12,7,1.57,9.35,5.45,5.19,5.19,,0,0,,999,19789
Matthew Festa,SEA,0,18,18,1,2,0,1,18,9,3,17,7,1.4,8.62,3.73,4.6,4.77,,0,0,,999,19330
Tyler Kinley,COL,0,58,58,2,2,0,10,54,34,10,62,31,1.46,9.55,4.77,5.22,4.94,,0,-0.1,,999,18297
Dan Winkler,TEX,0,8,8,0,0,0,1,7,4,1,9,5,1.51,9.6,5.58,4.91,5.2,,0,0,,999,12237
Aaron Sanchez,WSN,6,18,41,2,3,0,1,44,25,6,30,21,1.61,6.59,4.68,5.53,5.51,,0,-0.1,,600.7,11490
Paul Campbell,MIA,0,10,10,1,1,0,1,11,6,2,8,4,1.45,6.81,3.28,5.11,5.02,,0,0,,999,22248
Kyle Zimmer,CIN,0,16,16,1,1,0,1,15,9,2,16,10,1.59,9.17,5.83,5,5.06,,0,0,,999,14169
Thomas Hatch,TOR,0,18,18,1,1,0,1,19,10,3,16,7,1.45,7.82,3.63,5.12,5.08,,0,0,,999,19264
Jose Marte,LAA,0,8,8,1,1,0,1,8,5,1,8,6,1.7,8.56,6.34,5.75,5.66,,0,0,,999,21761
Tyler Danish,BOS,0,13,13,1,1,0,1,15,8,2,11,5,1.47,7.47,3.16,5.31,4.99,,0,0,,999,15126
Konnor Pilkington,CLE,0,36,36,3,3,0,1,36,19,5,34,16,1.46,8.44,4.08,4.73,4.72,,0,0,,999,sa3008371
Andre Pallante,STL,0,22,22,1,1,0,1,23,11,3,15,9,1.47,5.99,3.61,4.66,4.71,,0,0,,999,sa3011186
Matt Peacock,ARI,0,12,12,1,1,0,1,13,7,2,8,5,1.53,5.79,3.73,5.01,4.96,,0,0,,999,20339
Joey Wentz,DET,2,2,6,0,0,0,0,7,4,1,5,4,1.65,7.35,5.06,5.86,5.86,,0,-0.1,,999,sa917946
Caleb Baragar,ARI,0,8,8,0,1,0,1,8,5,1,7,4,1.57,7.71,4.82,5.54,5.53,,0,0,,999,19231
Roenis Elías,SEA,0,12,12,0,0,0,1,12,7,2,12,6,1.52,8.83,4.56,5.46,5.07,,0,-0.1,,999,12673
Ricardo Pinto,DET,0,14,14,1,1,0,1,15,8,2,10,6,1.51,6.28,3.72,5.2,5.09,,0,0,,999,16318
Damon Jones,PHI,0,24,24,1,1,0,1,22,13,3,25,17,1.62,9.22,6.36,4.93,4.92,,0,0,,999,23310
Daniel Ponce de Leon,,0,12,12,1,1,0,1,11,7,2,13,7,1.53,9.54,5.51,5.17,5.4,,0,0,,600.7,16110
Fernando Abad,,0,22,22,1,1,0,0,24,12,4,17,5,1.34,6.96,2.11,5.06,4.83,,0,0,,999,4994
Riley O'Brien,CIN,0,8,8,0,1,0,1,8,5,2,8,4,1.57,8.65,4.76,5.74,5.69,,0,0,,999,20348
Taylor Clarke,KCR,0,52,52,3,3,0,6,55,29,8,43,19,1.42,7.52,3.28,4.98,4.69,,0,-0.1,,999,17611
Jace Vines,KCR,0,26,26,2,2,0,1,28,15,3,19,12,1.53,6.42,4,5.09,4.81,,0,0,,999,sa917985
J.B. Bukauskas,ARI,0,16,16,1,1,0,1,15,9,2,16,10,1.56,8.86,5.45,4.91,4.93,,0,0,,600.5,20491
Conner Greene,BAL,0,6,6,0,1,0,1,7,4,1,5,4,1.72,7.82,5.55,6.31,6.41,,0,0,,999,16455
Kyle Barraclough,LAA,0,27,27,2,3,0,1,24,15,5,33,16,1.5,11.15,5.48,5.09,4.97,,0,0,,999,13713
Miguel Romero,OAK,0,12,12,0,1,0,1,13,7,2,9,5,1.5,6.75,4,5.13,5.16,,0,0,,999,sa3003109
Rex Brothers,MIL,0,12,12,1,1,0,1,10,7,2,17,9,1.57,12.71,6.95,5.36,5.22,,0,0,,999,9794
Oliver Ortega,LAA,0,30,30,2,2,0,1,30,16,4,27,16,1.54,8.11,4.82,4.94,5.02,,0,0,,999,21025
Elvin Rodriguez,DET,0,8,8,0,1,0,1,9,5,2,6,4,1.57,6.54,3.96,5.89,5.69,,0,0,,999,sa873437
Austin Brice,PIT,0,24,24,1,1,0,1,23,12,4,23,11,1.44,8.49,4.24,4.63,5.03,,0,0,,999,17237
Daniel Duarte,CIN,0,20,20,2,2,0,1,21,12,3,16,10,1.54,7.3,4.38,5.47,5.24,,0,-0.1,,999,sa877364
Kolby Allard,TEX,2,30,37,2,3,0,1,40,23,7,30,12,1.39,7.34,2.89,5.49,5.17,,0,-0.1,,600.5,18694
Adam Scott,CLE,0,12,12,1,1,0,1,13,7,2,11,5,1.45,8.17,3.63,5.22,5.34,,0,0,,999,sa3006826
Devin Sweet,SEA,0,24,24,1,2,0,1,25,13,4,21,8,1.37,7.95,2.85,4.79,4.88,,0,-0.1,,999,sa3008340
Janson Junk,LAA,3,7,19,1,1,0,1,22,12,4,15,9,1.6,6.9,4.18,5.83,5.72,,0,-0.1,,999,23301
Hunter Harvey,WSN,0,16,16,1,1,0,1,17,9,3,13,5,1.41,7.04,2.93,5.09,5.32,,0,0,,600.7,15507
Mason Thompson,WSN,0,26,26,2,3,0,1,28,15,4,22,13,1.59,7.51,4.65,5.19,5.24,,0,-0.1,,999,21850
Chris Devenski,ARI,0,21,21,1,1,0,1,21,11,4,20,6,1.31,8.73,2.64,4.87,4.88,,0,0,,999,12763
Jordan Holloway,MIA,0,26,26,2,2,0,1,24,15,3,25,18,1.61,8.64,6.24,5.04,5.01,,0,-0.1,,999,20631
T.J. Zeuch,STL,0,12,12,1,1,0,1,13,7,2,8,4,1.43,5.89,3.11,5.07,5.16,,0,0,,999,19269
Justin Garza,CLE,0,8,8,0,1,0,1,8,5,2,7,5,1.66,8.25,5.45,5.99,5.79,,0,0,,999,19784
Yennsy Díaz,NYM,0,11,11,1,1,0,1,11,7,2,9,6,1.54,7.46,4.52,5.42,5.62,,0,-0.1,,999,20218
Jandel Gustave,MIL,0,42,42,2,2,0,3,41,22,6,37,16,1.34,8.03,3.35,4.69,4.66,,0,0,,999,14665
Jordan Yamamoto,NYM,2,12,17,1,1,0,1,17,10,3,15,8,1.45,7.86,4.09,5.42,5.53,,0,-0.1,,999,17585
Matt Harvey,,6,6,30,2,3,0,0,35,19,7,22,9,1.5,6.77,2.85,5.87,5.67,,0,-0.1,,999,11713
Spenser Watkins,BAL,0,8,8,0,1,0,1,10,6,2,6,3,1.61,6.22,3.34,6.49,6.41,,0,0,,999,17489
Drew Hutchison,DET,0,24,24,1,2,0,1,26,14,4,19,10,1.49,7.02,3.82,5.06,5.05,,0,0,,999,10732
Scott Effross,CHC,0,48,48,4,4,0,6,50,26,8,42,14,1.34,7.89,2.63,4.85,4.72,,0,0,,600.3,18384
Lucas Gilbreath,COL,0,48,48,3,3,0,6,51,29,7,45,29,1.65,8.45,5.36,5.46,5.04,,0,-0.1,,596.4,21290
Victor González,LAD,0,28,28,0,0,0,1,28,17,5,27,14,1.52,8.83,4.56,5.46,5.07,,0,-0.1,,999,16408
Brent Honeywell Jr.,OAK,2,24,30,2,2,0,1,34,17,5,21,10,1.44,6.24,2.87,5.06,5.1,,0,0,,597.9,16466
Luis Perdomo,MIL,0,30,30,0,0,0,1,30,18,5,29,15,1.52,8.83,4.56,5.46,5.07,,0,-0.1,,999,14682
Sean Reid-Foley,NYM,0,33,33,2,2,0,1,29,18,5,38,20,1.5,10.5,5.5,4.8,4.83,,0,-0.1,,999,17034
Tayler Saucedo,TOR,0,25,25,1,1,0,1,26,14,4,20,10,1.46,7.36,3.75,5.17,5.19,,0,0,,999,17888
Isaac Mattson,BAL,0,22,22,1,1,0,1,22,13,4,21,10,1.45,8.47,4.24,5.29,5.42,,0,-0.1,,999,20385
Hunter Stratton,PIT,0,36,36,1,2,0,1,34,20,4,35,24,1.62,8.66,6.11,5.09,4.92,,0,-0.1,,999,sa3004216
Jesse Chavez,CHC,0,52,52,3,3,0,10,50,25,9,47,16,1.28,8.17,2.83,4.33,4.58,,0,0.1,,999,5448
Jonathan Hernández,TEX,0,32,32,2,3,0,1,33,18,5,28,16,1.53,8.01,4.43,5.2,5.01,,0,-0.1,,999,17464
Wes Benjamin,CHW,0,8,8,0,1,0,1,9,6,2,6,4,1.62,6.98,4.11,6.37,6.54,,0,-0.1,,999,19243
Phillips Valdez,BOS,0,14,14,1,1,0,1,15,9,2,12,7,1.6,7.66,4.65,5.65,5.44,,0,0,,999,15605
Zack Littell,SFG,0,54,54,2,2,0,10,50,26,8,55,21,1.31,9.22,3.48,4.28,4.34,,0,0.1,,600.8,15823
Nick Nelson,PHI,0,38,38,2,2,0,1,36,21,6,40,24,1.58,9.59,5.68,4.97,5.01,,0,-0.1,,999,20153
Luis García,SDP,0,54,54,2,2,1,4,49,28,8,58,26,1.39,9.59,4.3,4.7,4.65,,0,-0.2,,584.1,6984
Griffin Jax,MIN,6,40,68,4,4,0,1,75,42,14,51,23,1.45,6.79,3.08,5.53,5.47,,0,-0.1,,600.5,20253
Sam Howard,PIT,0,56,56,4,4,0,9,49,29,10,72,32,1.44,11.57,5.09,4.63,4.73,,0,-0.1,,999,16265
Graham Spraker,TOR,0,22,22,1,1,0,1,23,13,4,18,10,1.52,7.36,4.09,5.32,5.25,,0,0,,999,sa3004024
Buck Farmer,CIN,0,27,27,1,1,0,1,27,16,5,27,13,1.48,9.1,4.25,5.31,5.39,,-0.1,-0.1,,999,14814
Blake Taylor,HOU,0,58,58,4,4,0,11,53,30,7,55,35,1.53,8.57,5.5,4.69,4.84,,-0.1,-0.1,,999,16418
Kyle Crick,CHW,0,47,47,4,4,0,6,41,24,7,53,29,1.47,10.07,5.49,4.58,5.13,,-0.1,0,,999,13182
Josh Tomlin,,0,40,40,1,1,0,0,45,23,8,32,6,1.27,7.15,1.27,5.08,4.81,,-0.1,-0.1,,999,9388
Ryan Burr,CHW,0,42,42,3,3,0,1,41,23,6,38,24,1.54,8.14,5.18,4.99,5.08,,-0.1,-0.1,,999,17536
Alex Lange,DET,0,61,61,4,5,0,11,60,33,7,58,34,1.53,8.49,4.95,4.83,4.66,,-0.1,-0.1,,999,19883
Travis Lakins Sr.,BAL,0,44,44,3,3,0,3,45,24,7,40,21,1.49,8.18,4.25,4.91,5.06,,-0.1,-0.1,,999,18600
Collin Snider,KCR,0,35,35,2,3,0,1,40,21,5,23,12,1.49,5.82,3.05,5.4,5.08,,-0.1,-0.1,,999,sa3004093
Jimmy Herget,LAA,0,42,42,3,3,0,3,40,22,7,44,20,1.43,9.45,4.35,4.8,4.89,,-0.1,0,,999,17556
Zach Jackson,OAK,0,32,32,1,1,0,1,32,18,4,28,19,1.59,7.76,5.4,5.06,5.12,,-0.1,-0.1,,999,sa874174
Mike Baumann,BAL,0,48,48,2,4,1,5,51,29,8,39,24,1.57,7.27,4.52,5.4,5.28,,-0.1,-0.1,,999,20206
Ashton Goudeau,COL,0,34,34,2,2,0,1,39,21,6,23,12,1.51,6.15,3.27,5.65,5.42,,-0.1,-0.1,,999,15139
Brandon Kintzler,,0,42,42,2,2,0,0,47,23,7,30,14,1.43,6.32,2.92,4.86,5.01,,-0.1,0,,999,9939
Yoan Aybar,CHW,0,12,12,1,1,0,1,13,9,2,10,10,1.89,7.74,7.55,6.42,6.61,,-0.1,-0.1,,999,sa829086
Tyler Thornburg,ATL,0,46,46,0,0,0,6,47,28,7,45,23,1.52,8.83,4.56,5.46,5.07,,-0.1,-0.2,,999,10688
Wil Crowe,PIT,13,57,105,4,7,0,4,113,64,19,92,50,1.55,7.89,4.25,5.46,5.31,,-0.1,-0.4,,599.2,19800
Logan Allen,CLE,3,47,59,3,4,0,3,64,34,9,48,26,1.53,7.28,4,5.15,4.99,,-0.1,-0.1,,601,18555
Anderson Severino,CHW,0,16,16,1,1,0,1,16,10,3,15,13,1.83,8.55,7.43,5.85,6.25,,-0.1,-0.1,,999,sa838671
Jerad Eickhoff,PIT,0,33,33,2,3,0,1,37,21,7,27,12,1.48,7.33,3.14,5.65,5.48,,-0.1,-0.1,,999,12664
Anthony Misiewicz,SEA,0,60,60,4,5,0,12,62,31,11,57,16,1.3,8.61,2.47,4.63,4.56,,-0.1,-0.1,,999,18152
José Ureña,MIL,0,38,38,2,3,0,1,41,22,6,28,15,1.48,6.55,3.57,5.16,5.19,,-0.1,-0.1,,999,11589
Jason Foley,DET,0,38,38,1,2,0,1,40,21,5,29,19,1.56,6.9,4.47,5.08,5.16,,-0.1,-0.1,,999,19531
Tyler Beede,SFG,0,22,22,1,2,0,1,22,13,3,21,14,1.64,8.71,5.7,5.38,5.33,,-0.1,-0.1,,591.7,16981
Cody Poteet,MIA,0,42,42,2,3,0,1,44,25,8,34,17,1.44,7.39,3.59,5.34,5.23,,-0.1,-0.2,,999,18769
Sam Moll,OAK,0,56,56,1,1,0,11,50,27,6,56,30,1.43,8.93,4.78,4.36,4.49,,-0.1,0.2,,999,14874
Sam Hentges,CLE,2,50,55,2,3,0,6,61,33,9,50,29,1.61,8.18,4.7,5.42,5.24,,-0.1,-0.2,,999,18548
Bryan Garcia,DET,0,28,28,1,2,0,1,31,17,5,21,14,1.61,6.79,4.57,5.61,5.63,,-0.1,-0.1,,999,19457
Nick Snyder,TEX,0,34,34,1,2,0,1,34,20,5,32,20,1.58,8.42,5.23,5.23,5.33,,-0.1,-0.1,,999,23493
Taylor Widener,ARI,0,36,36,1,2,0,1,36,21,7,37,18,1.49,9.2,4.5,5.32,5.34,,-0.1,-0.1,,600.8,19266
Andrés Muñoz,SEA,0,56,56,5,5,4,8,47,27,10,77,32,1.41,12.31,5.16,4.37,4.58,,-0.1,0,,583.5,20373
Chasen Shreve,NYM,0,40,40,2,2,0,3,37,21,7,42,19,1.38,9.56,4.19,4.7,4.98,,-0.1,-0.1,,999,10855
Corbin Martin,ARI,6,20,44,2,3,0,1,47,28,8,40,23,1.59,8.13,4.72,5.64,5.53,,-0.1,-0.1,,600.8,19884
Ervin Santana,,0,28,28,1,1,0,0,31,18,6,23,10,1.47,7.41,3.31,5.82,5.63,,-0.1,-0.1,,999,3200
Andres Machado,WSN,0,35,35,1,1,0,1,36,21,7,30,16,1.51,7.8,4.21,5.46,5.53,,-0.1,-0.1,,999,14681
J.C. Mejía,MIL,0,24,24,2,2,0,1,26,16,5,20,12,1.57,7.66,4.38,5.84,5.9,,-0.1,-0.1,,999,20617
Duane Underwood Jr.,PIT,0,58,58,2,3,0,11,59,31,9,56,25,1.45,8.71,3.92,4.79,4.73,,-0.1,-0.2,,999,14677
Trevor Stephan,CLE,0,60,60,2,3,0,11,57,33,11,70,28,1.43,10.53,4.24,4.96,4.85,,-0.1,-0.2,,999,19932
Austin Voth,WSN,0,53,53,3,3,0,10,55,30,11,52,19,1.39,8.81,3.24,5.13,5.02,,-0.1,-0.2,,600.4,15047
Tyler Clippard,WSN,0,42,42,1,1,0,4,39,22,9,41,13,1.25,8.84,2.87,4.78,5.16,,-0.1,0,,600.8,5640
Forrest Whitley,HOU,3,3,13,1,1,0,0,12,9,3,16,11,1.8,11,7.67,6.33,6.52,,-0.1,-0.1,,999,sa917930
Jacob Lemoine,OAK,0,36,36,3,3,0,3,38,20,5,26,18,1.55,6.62,4.53,5.05,5.14,,-0.1,-0.2,,999,sa658610
Rafael Dolis,,0,47,47,4,4,0,0,42,24,7,51,28,1.48,9.7,5.27,4.64,4.81,,-0.1,0,,999,4185
Justin Lawrence,COL,0,42,42,4,4,0,3,44,27,5,36,30,1.76,7.74,6.42,5.85,5.41,,-0.1,-0.2,,999,17639
Jake Woodford,STL,5,31,53,3,3,0,1,55,31,10,42,23,1.46,6.99,3.86,5.14,5.44,,-0.1,-0.1,,600.1,18674
Jason Adam,TBR,0,44,44,5,5,0,4,37,23,8,57,26,1.43,11.62,5.34,4.71,4.95,,-0.2,-0.1,,600.8,11861
Rony García,DET,0,34,34,1,2,0,1,38,23,8,29,15,1.54,7.69,3.94,6,5.88,,-0.2,-0.2,,999,20430
T.J. McFarland,STL,0,56,56,3,3,0,11,59,28,7,35,18,1.37,5.7,2.85,4.5,4.64,,-0.2,-0.1,,999,3237
Dennis Santana,TEX,0,55,55,3,4,0,8,53,31,8,55,29,1.49,9.04,4.76,5.13,4.89,,-0.2,-0.3,,999,17878
Joe Barlow,TEX,0,64,64,3,3,17,6,55,34,10,70,37,1.44,9.84,5.21,4.82,4.8,,-0.2,-0.3,,212.1,22296
Julio Teheran,,16,16,80,5,5,0,0,76,48,17,73,41,1.46,8.2,4.61,5.41,5.96,,-0.2,0.1,,600.8,6797
Ross Detwiler,,0,42,42,2,2,0,0,43,23,8,37,16,1.39,7.93,3.34,5.01,5.16,,-0.2,-0.2,,999,2859
Aaron Brooks,STL,0,54,54,0,0,0,5,55,33,9,53,27,1.52,8.83,4.56,5.46,5.07,,-0.2,-0.4,,600.5,12272
Jhoulys Chacín,COL,0,62,62,4,4,0,12,65,38,10,51,27,1.49,7.39,3.96,5.46,5.12,,-0.2,-0.2,,999,2608
Diego Castillo,SEA,0,65,65,5,5,4,13,59,32,10,67,33,1.41,9.22,4.61,4.39,4.71,,-0.2,0.2,,424.1,17496
Caleb Smith,ARI,3,63,78,4,5,0,12,70,44,15,86,39,1.4,9.96,4.53,5.1,5.1,,-0.2,-0.2,,592.5,14875
Josh Rogers,WSN,15,27,95,5,8,0,1,114,63,21,60,29,1.5,5.66,2.75,5.98,5.94,,-0.2,-0.5,,600.8,18510
Ryan Helsley,STL,0,64,64,6,6,1,15,58,32,9,66,35,1.45,9.27,4.88,4.55,4.67,,-0.2,-0.3,,600.9,18138
Justin Wilson,CIN,0,64,64,0,0,1,15,65,39,10,63,32,1.52,8.83,4.56,5.46,5.07,,-0.2,-0.8,,999,4301
Bryan Shaw,CLE,0,72,72,5,5,1,14,70,38,10,67,35,1.46,8.33,4.43,4.7,4.68,,-0.2,0,,600.8,8110
Matt Bush,TEX,0,54,54,0,0,4,5,58,37,12,54,29,1.62,9,4.85,6.23,5.79,,-0.2,-0.4,,599.1,1246
Joey Krehbiel,BAL,0,52,52,2,3,0,8,54,32,12,51,23,1.47,8.83,3.91,5.6,5.57,,-0.2,-0.3,,999,13707
Domingo Tapia,KCR,0,60,60,3,4,0,11,61,34,8,49,31,1.53,7.32,4.58,5.03,4.93,,-0.2,-0.2,,999,12178
Kyle Funkhouser,DET,0,54,54,4,5,0,9,53,31,8,52,32,1.58,8.59,5.4,5.15,5.13,,-0.3,-0.2,,999,19456
Jeurys Familia,PHI,0,67,67,0,0,1,16,68,41,11,66,34,1.52,8.83,4.56,5.46,5.07,,-0.3,-1,,598.7,5114
Jorge López,BAL,0,64,64,4,4,12,7,69,37,11,56,26,1.48,7.9,3.6,5.24,5.08,,-0.3,-0.5,,598,14527
Anthony Banda,PIT,0,70,70,4,5,0,14,73,39,11,60,30,1.48,7.66,3.89,4.95,4.96,,-0.3,-0.4,,999,14706
Albert Abreu,TEX,0,56,56,3,3,0,10,55,35,10,57,36,1.63,9.14,5.82,5.68,5.66,,-0.6,-0.6,,999,17485
Felix Bautista,BAL,0,58,58,3,6,1,11,54,39,11,64,47,1.74,9.88,7.23,6.03,6.06,,-0.7,-0.9,,999,sa737480
Anthony Gose,CLE,0,62,62,4,8,0,0,54,41,10,76,54,1.75,10.97,7.88,5.91,5.58,,-0.8,-0.8,,601,5097
